{
  "18aa7e1c119f4a7ebe701418b07230bfproduct169696": {
    "id": "18aa7e1c119f4a7ebe701418b07230bfproduct169696",
    "canDownload": "true",
    "url": "mfly:\/\/control\/item\/18aa7e1c119f4a7ebe701418b07230bfproduct169696",
    "thumbnailUrl": "mfly:\/\/data\/image\/18aa7e1c119f4a7ebe701418b07230bfproduct169696",
    "launched": false,
    "type": "Video",
    "downloadModel": "DownloadableShareable",
    "date": "2000-12-31T06:00:00:00-0600",
    "progress": 1,
    "canShare": "true",
    "new": 1,
    "received": "2015-03-27T10:42:43:00-0500",
    "name": "30-Ease of Use_080514"
  },
  "18aa7e1c119f4a7ebe701418b07230bfproduct169269": {
    "id": "18aa7e1c119f4a7ebe701418b07230bfproduct169269",
    "pages": 0,
    "canDownload": "true",
    "url": "mfly:\/\/control\/item\/18aa7e1c119f4a7ebe701418b07230bfproduct169269",
    "thumbnailUrl": "mfly:\/\/data\/image\/18aa7e1c119f4a7ebe701418b07230bfproduct169269",
    "launched": false,
    "type": "pdf",
    "progress": 1,
    "date": "2000-12-31T06:00:00:00-0600",
    "canShare": "true",
    "downloadModel": "DownloadableShareable",
    "new": 1,
    "received": "2015-03-27T10:42:49:00-0500",
    "name": "NPP_Eligible_Diesease_List_V1_F"
  },
  "18aa7e1c119f4a7ebe701418b07230bfproduct169313": {
    "id": "18aa7e1c119f4a7ebe701418b07230bfproduct169313",
    "pages": 0,
    "canDownload": "true",
    "url": "mfly:\/\/control\/item\/18aa7e1c119f4a7ebe701418b07230bfproduct169313",
    "thumbnailUrl": "mfly:\/\/data\/image\/18aa7e1c119f4a7ebe701418b07230bfproduct169313",
    "launched": false,
    "type": "pdf",
    "progress": 1,
    "date": "2000-12-31T06:00:00:00-0600",
    "canShare": "true",
    "downloadModel": "DownloadableShareable",
    "new": 1,
    "received": "2015-03-27T10:42:55:00-0500",
    "name": "PWA Admin Tool for RMs"
  },
  "18aa7e1c119f4a7ebe701418b07230bfproduct169674": {
    "url": "mfly:\/\/control\/folder\/18aa7e1c119f4a7ebe701418b07230bfproduct169674",
    "autoStart": false,
    "items": [
      "18aa7e1c119f4a7ebe701418b07230bfproduct169695",
      "18aa7e1c119f4a7ebe701418b07230bfproduct169678",
      "18aa7e1c119f4a7ebe701418b07230bfproduct169677",
      "18aa7e1c119f4a7ebe701418b07230bfproduct169676",
      "18aa7e1c119f4a7ebe701418b07230bfproduct169675"
    ],
    "id": "18aa7e1c119f4a7ebe701418b07230bfproduct169674",
    "thumbnailUrl": "mfly:\/\/data\/image\/18aa7e1c119f4a7ebe701418b07230bfproduct169674",
    "new": 5,
    "canDownload": "true",
    "type": "folder",
    "description": " ",
    "name": "40-Week Webisodes",
    "canShare": "true"
  },
  "18aa7e1c119f4a7ebe701418b07230bfproduct169309": {
    "id": "18aa7e1c119f4a7ebe701418b07230bfproduct169309",
    "pages": 0,
    "canDownload": "true",
    "url": "mfly:\/\/control\/item\/18aa7e1c119f4a7ebe701418b07230bfproduct169309",
    "thumbnailUrl": "mfly:\/\/data\/image\/18aa7e1c119f4a7ebe701418b07230bfproduct169309",
    "launched": false,
    "type": "pdf",
    "progress": 1,
    "date": "2000-12-31T06:00:00:00-0600",
    "canShare": "true",
    "downloadModel": "DownloadableShareable",
    "new": 1,
    "received": "2015-03-27T10:42:46:00-0500",
    "name": "Hospital_MOU_V4_F"
  },
  "18aa7e1c119f4a7ebe701418b07230bfproduct169273": {
    "id": "18aa7e1c119f4a7ebe701418b07230bfproduct169273",
    "pages": 0,
    "canDownload": "true",
    "url": "mfly:\/\/control\/item\/18aa7e1c119f4a7ebe701418b07230bfproduct169273",
    "thumbnailUrl": "mfly:\/\/data\/image\/18aa7e1c119f4a7ebe701418b07230bfproduct169273",
    "launched": false,
    "type": "pdf",
    "progress": 1,
    "date": "2000-12-31T06:00:00:00-0600",
    "canShare": "true",
    "downloadModel": "DownloadableShareable",
    "new": 1,
    "received": "2015-03-27T10:42:49:00-0500",
    "name": "Chinese_Brochure_V9_F"
  },
  "18aa7e1c119f4a7ebe701418b07230bfproduct169247": {
    "id": "18aa7e1c119f4a7ebe701418b07230bfproduct169247",
    "description": " ",
    "canDownload": "true",
    "url": "mfly:\/\/control\/folder\/18aa7e1c119f4a7ebe701418b07230bfproduct169247",
    "thumbnailUrl": "mfly:\/\/data\/image\/18aa7e1c119f4a7ebe701418b07230bfproduct169247",
    "type": "folder",
    "canShare": "true",
    "new": 15,
    "keywords": [
      "@CBRPartnership"
    ],
    "items": [
      "18aa7e1c119f4a7ebe701418b07230bfproduct169293",
      "18aa7e1c119f4a7ebe701418b07230bfproduct169292",
      "18aa7e1c119f4a7ebe701418b07230bfproduct169291",
      "18aa7e1c119f4a7ebe701418b07230bfproduct169290",
      "18aa7e1c119f4a7ebe701418b07230bfproduct169289",
      "18aa7e1c119f4a7ebe701418b07230bfproduct169288",
      "18aa7e1c119f4a7ebe701418b07230bfproduct169287",
      "18aa7e1c119f4a7ebe701418b07230bfproduct169286",
      "18aa7e1c119f4a7ebe701418b07230bfproduct169285",
      "18aa7e1c119f4a7ebe701418b07230bfproduct169284",
      "18aa7e1c119f4a7ebe701418b07230bfproduct169283",
      "18aa7e1c119f4a7ebe701418b07230bfproduct169282",
      "18aa7e1c119f4a7ebe701418b07230bfproduct169281",
      "18aa7e1c119f4a7ebe701418b07230bfproduct169280",
      "18aa7e1c119f4a7ebe701418b07230bfproduct169279"
    ],
    "autoStart": false,
    "name": "Coaching Briefs"
  },
  "18aa7e1c119f4a7ebe701418b07230bfproduct169251": {
    "id": "18aa7e1c119f4a7ebe701418b07230bfproduct169251",
    "pages": 0,
    "canDownload": "true",
    "url": "mfly:\/\/control\/item\/18aa7e1c119f4a7ebe701418b07230bfproduct169251",
    "thumbnailUrl": "mfly:\/\/data\/image\/18aa7e1c119f4a7ebe701418b07230bfproduct169251",
    "launched": false,
    "type": "pdf",
    "progress": 1,
    "date": "2000-12-31T06:00:00:00-0600",
    "canShare": "true",
    "downloadModel": "DownloadableShareable",
    "new": 1,
    "received": "2015-03-27T10:42:49:00-0500",
    "name": "CBB_Postcard_V2_F"
  },
  "18aa7e1c119f4a7ebe701418b07230bfproduct169354": {
    "id": "18aa7e1c119f4a7ebe701418b07230bfproduct169354",
    "pages": 0,
    "canDownload": "true",
    "url": "mfly:\/\/control\/item\/18aa7e1c119f4a7ebe701418b07230bfproduct169354",
    "thumbnailUrl": "mfly:\/\/data\/image\/18aa7e1c119f4a7ebe701418b07230bfproduct169354",
    "launched": false,
    "type": "pdf",
    "progress": 1,
    "date": "2000-12-31T06:00:00:00-0600",
    "canShare": "true",
    "downloadModel": "DownloadableShareable",
    "new": 1,
    "received": "2015-03-27T10:43:17:00-0500",
    "name": "National Vital Statistics Report 2010"
  },
  "18aa7e1c119f4a7ebe701418b07230bfproduct169292": {
    "id": "18aa7e1c119f4a7ebe701418b07230bfproduct169292",
    "pages": 0,
    "canDownload": "true",
    "url": "mfly:\/\/control\/item\/18aa7e1c119f4a7ebe701418b07230bfproduct169292",
    "thumbnailUrl": "mfly:\/\/data\/image\/18aa7e1c119f4a7ebe701418b07230bfproduct169292",
    "launched": false,
    "type": "pdf",
    "progress": 1,
    "date": "2000-12-31T06:00:00:00-0600",
    "canShare": "true",
    "downloadModel": "DownloadableShareable",
    "new": 1,
    "received": "2015-03-27T10:42:30:00-0500",
    "name": "NPP Low Apgar Material Launch - Coaching Brief_FINAL"
  },
  "18aa7e1c119f4a7ebe701418b07230bfproduct169288": {
    "id": "18aa7e1c119f4a7ebe701418b07230bfproduct169288",
    "pages": 0,
    "canDownload": "true",
    "url": "mfly:\/\/control\/item\/18aa7e1c119f4a7ebe701418b07230bfproduct169288",
    "thumbnailUrl": "mfly:\/\/data\/image\/18aa7e1c119f4a7ebe701418b07230bfproduct169288",
    "launched": false,
    "type": "pdf",
    "progress": 1,
    "date": "2000-12-31T06:00:00:00-0600",
    "canShare": "true",
    "downloadModel": "DownloadableShareable",
    "new": 1,
    "received": "2015-03-27T10:42:30:00-0500",
    "name": "New Mommy Bags - Coaching Brief_FINAL"
  },
  "18aa7e1c119f4a7ebe701418b07230bfproduct169332": {
    "id": "18aa7e1c119f4a7ebe701418b07230bfproduct169332",
    "pages": 0,
    "canDownload": "true",
    "url": "mfly:\/\/control\/item\/18aa7e1c119f4a7ebe701418b07230bfproduct169332",
    "thumbnailUrl": "mfly:\/\/data\/image\/18aa7e1c119f4a7ebe701418b07230bfproduct169332",
    "launched": false,
    "type": "pdf",
    "progress": 1,
    "date": "2000-12-31T06:00:00:00-0600",
    "canShare": "true",
    "downloadModel": "DownloadableShareable",
    "new": 1,
    "received": "2015-03-27T10:42:54:00-0500",
    "name": "Consumer Event  Presenter Agreement 2015_HCP$750"
  },
  "18aa7e1c119f4a7ebe701418b07230bfproduct169328": {
    "id": "18aa7e1c119f4a7ebe701418b07230bfproduct169328",
    "pages": 0,
    "canDownload": "true",
    "url": "mfly:\/\/control\/item\/18aa7e1c119f4a7ebe701418b07230bfproduct169328",
    "thumbnailUrl": "mfly:\/\/data\/image\/18aa7e1c119f4a7ebe701418b07230bfproduct169328",
    "launched": false,
    "type": "pdf",
    "progress": 1,
    "date": "2000-12-31T06:00:00:00-0600",
    "canShare": "true",
    "downloadModel": "DownloadableShareable",
    "new": 1,
    "received": "2015-03-27T10:42:54:00-0500",
    "name": "Consumer Event  Presenter Agreement 2015_HCP$300"
  },
  "18aa7e1c119f4a7ebe701418b07230bfproduct169270": {
    "id": "18aa7e1c119f4a7ebe701418b07230bfproduct169270",
    "pages": 0,
    "canDownload": "true",
    "url": "mfly:\/\/control\/item\/18aa7e1c119f4a7ebe701418b07230bfproduct169270",
    "thumbnailUrl": "mfly:\/\/data\/image\/18aa7e1c119f4a7ebe701418b07230bfproduct169270",
    "launched": false,
    "type": "pdf",
    "progress": 1,
    "date": "2000-12-31T06:00:00:00-0600",
    "canShare": "true",
    "downloadModel": "DownloadableShareable",
    "new": 1,
    "received": "2015-03-27T10:42:49:00-0500",
    "name": "Quality_Collection_Handout_V1_F"
  },
  "18aa7e1c119f4a7ebe701418b07230bfproduct169266": {
    "id": "18aa7e1c119f4a7ebe701418b07230bfproduct169266",
    "pages": 0,
    "canDownload": "true",
    "url": "mfly:\/\/control\/item\/18aa7e1c119f4a7ebe701418b07230bfproduct169266",
    "thumbnailUrl": "mfly:\/\/data\/image\/18aa7e1c119f4a7ebe701418b07230bfproduct169266",
    "launched": false,
    "type": "pdf",
    "progress": 1,
    "date": "2000-12-31T06:00:00:00-0600",
    "canShare": "true",
    "downloadModel": "DownloadableShareable",
    "new": 1,
    "received": "2015-03-27T10:42:49:00-0500",
    "name": "Mom_to_Be_Handout_V3_F"
  },
  "18aa7e1c119f4a7ebe701418b07230bfproduct169707": {
    "id": "18aa7e1c119f4a7ebe701418b07230bfproduct169707",
    "canDownload": "true",
    "url": "mfly:\/\/control\/item\/18aa7e1c119f4a7ebe701418b07230bfproduct169707",
    "thumbnailUrl": "mfly:\/\/data\/image\/18aa7e1c119f4a7ebe701418b07230bfproduct169707",
    "launched": false,
    "type": "Video",
    "downloadModel": "DownloadableShareable",
    "date": "2000-12-31T06:00:00:00-0600",
    "progress": 1,
    "canShare": "true",
    "new": 1,
    "received": "2015-03-27T10:42:43:00-0500",
    "name": "Why_CBR_080414"
  },
  "18aa7e1c119f4a7ebe701418b07230bfproduct169310": {
    "id": "18aa7e1c119f4a7ebe701418b07230bfproduct169310",
    "pages": 0,
    "canDownload": "true",
    "url": "mfly:\/\/control\/item\/18aa7e1c119f4a7ebe701418b07230bfproduct169310",
    "thumbnailUrl": "mfly:\/\/data\/image\/18aa7e1c119f4a7ebe701418b07230bfproduct169310",
    "launched": false,
    "type": "pdf",
    "progress": 1,
    "date": "2000-12-31T06:00:00:00-0600",
    "canShare": "true",
    "downloadModel": "DownloadableShareable",
    "new": 1,
    "received": "2015-03-27T10:42:46:00-0500",
    "name": "FREQUENTLY ASKED QUESTIONS - MOU_11152014_Final"
  },
  "18aa7e1c119f4a7ebe701418b07230bfproduct169306": {
    "id": "18aa7e1c119f4a7ebe701418b07230bfproduct169306",
    "pages": 0,
    "canDownload": "true",
    "url": "mfly:\/\/control\/item\/18aa7e1c119f4a7ebe701418b07230bfproduct169306",
    "thumbnailUrl": "mfly:\/\/data\/image\/18aa7e1c119f4a7ebe701418b07230bfproduct169306",
    "launched": false,
    "type": "pdf",
    "progress": 1,
    "date": "2000-12-31T06:00:00:00-0600",
    "canShare": "true",
    "downloadModel": "DownloadableShareable",
    "new": 1,
    "received": "2015-03-27T10:42:35:00-0500",
    "name": "LGP_Patient_LetterV0_Russian"
  },
  "18aa7e1c119f4a7ebe701418b07230bfproduct169351": {
    "id": "18aa7e1c119f4a7ebe701418b07230bfproduct169351",
    "pages": 0,
    "canDownload": "true",
    "url": "mfly:\/\/control\/item\/18aa7e1c119f4a7ebe701418b07230bfproduct169351",
    "thumbnailUrl": "mfly:\/\/data\/image\/18aa7e1c119f4a7ebe701418b07230bfproduct169351",
    "launched": false,
    "type": "pdf",
    "progress": 1,
    "date": "2000-12-31T06:00:00:00-0600",
    "canShare": "true",
    "downloadModel": "DownloadableShareable",
    "new": 1,
    "received": "2015-03-27T10:43:17:00-0500",
    "name": "NEJM 1997 Gluckman"
  },
  "18aa7e1c119f4a7ebe701418b07230bfproduct169347": {
    "id": "18aa7e1c119f4a7ebe701418b07230bfproduct169347",
    "pages": 0,
    "canDownload": "true",
    "url": "mfly:\/\/control\/item\/18aa7e1c119f4a7ebe701418b07230bfproduct169347",
    "thumbnailUrl": "mfly:\/\/data\/image\/18aa7e1c119f4a7ebe701418b07230bfproduct169347",
    "launched": false,
    "type": "pdf",
    "progress": 1,
    "date": "2000-12-31T06:00:00:00-0600",
    "canShare": "true",
    "downloadModel": "DownloadableShareable",
    "new": 1,
    "received": "2015-03-27T10:43:17:00-0500",
    "name": "Blood 2011 Broxmeyer"
  },
  "18aa7e1c119f4a7ebe701418b07230bfproduct169285": {
    "id": "18aa7e1c119f4a7ebe701418b07230bfproduct169285",
    "pages": 0,
    "canDownload": "true",
    "url": "mfly:\/\/control\/item\/18aa7e1c119f4a7ebe701418b07230bfproduct169285",
    "thumbnailUrl": "mfly:\/\/data\/image\/18aa7e1c119f4a7ebe701418b07230bfproduct169285",
    "launched": false,
    "type": "pdf",
    "progress": 1,
    "date": "2000-12-31T06:00:00:00-0600",
    "canShare": "true",
    "downloadModel": "DownloadableShareable",
    "new": 1,
    "received": "2015-03-27T10:42:30:00-0500",
    "name": "Horwitz et al J Clin Invest - Coaching Brief_July 07 2014_FINAL"
  },
  "18aa7e1c119f4a7ebe701418b07230bfproduct169325": {
    "id": "18aa7e1c119f4a7ebe701418b07230bfproduct169325",
    "pages": 0,
    "canDownload": "true",
    "url": "mfly:\/\/control\/item\/18aa7e1c119f4a7ebe701418b07230bfproduct169325",
    "thumbnailUrl": "mfly:\/\/data\/image\/18aa7e1c119f4a7ebe701418b07230bfproduct169325",
    "launched": false,
    "type": "pdf",
    "progress": 1,
    "date": "2000-12-31T06:00:00:00-0600",
    "canShare": "true",
    "downloadModel": "DownloadableShareable",
    "new": 1,
    "received": "2015-03-27T10:43:19:00-0500",
    "name": "NPP Low Apgar_HCP Handout_4 10"
  },
  "18aa7e1c119f4a7ebe701418b07230bfproduct169303": {
    "id": "18aa7e1c119f4a7ebe701418b07230bfproduct169303",
    "canDownload": "true",
    "url": "mfly:\/\/control\/item\/18aa7e1c119f4a7ebe701418b07230bfproduct169303",
    "thumbnailUrl": "mfly:\/\/data\/image\/18aa7e1c119f4a7ebe701418b07230bfproduct169303",
    "launched": false,
    "type": "onenote",
    "downloadModel": "DownloadableShareable",
    "date": "2000-12-31T06:00:00:00-0600",
    "progress": 1,
    "canShare": "true",
    "new": 1,
    "received": "2015-03-27T10:42:36:00-0500",
    "name": "Competitive Play Book_December 2014"
  },
  "18aa7e1c119f4a7ebe701418b07230bfproduct169263": {
    "id": "18aa7e1c119f4a7ebe701418b07230bfproduct169263",
    "pages": 0,
    "canDownload": "true",
    "url": "mfly:\/\/control\/item\/18aa7e1c119f4a7ebe701418b07230bfproduct169263",
    "thumbnailUrl": "mfly:\/\/data\/image\/18aa7e1c119f4a7ebe701418b07230bfproduct169263",
    "launched": false,
    "type": "pdf",
    "progress": 1,
    "date": "2000-12-31T06:00:00:00-0600",
    "canShare": "true",
    "downloadModel": "DownloadableShareable",
    "new": 1,
    "received": "2015-03-27T10:42:49:00-0500",
    "name": "Doc_Office_Brochure_V28_F"
  },
  "18aa7e1c119f4a7ebe701418b07230bfproduct169704": {
    "id": "18aa7e1c119f4a7ebe701418b07230bfproduct169704",
    "canDownload": "true",
    "url": "mfly:\/\/control\/item\/18aa7e1c119f4a7ebe701418b07230bfproduct169704",
    "thumbnailUrl": "mfly:\/\/data\/image\/18aa7e1c119f4a7ebe701418b07230bfproduct169704",
    "launched": false,
    "type": "Video",
    "downloadModel": "DownloadableShareable",
    "date": "2000-12-31T06:00:00:00-0600",
    "progress": 1,
    "canShare": "true",
    "new": 1,
    "received": "2015-03-27T10:42:38:00-0500",
    "name": "CBR_OB_30_v3"
  },
  "18aa7e1c119f4a7ebe701418b07230bfproduct169259": {
    "id": "18aa7e1c119f4a7ebe701418b07230bfproduct169259",
    "pages": 0,
    "canDownload": "true",
    "url": "mfly:\/\/control\/item\/18aa7e1c119f4a7ebe701418b07230bfproduct169259",
    "thumbnailUrl": "mfly:\/\/data\/image\/18aa7e1c119f4a7ebe701418b07230bfproduct169259",
    "launched": false,
    "type": "pdf",
    "progress": 1,
    "date": "2000-12-31T06:00:00:00-0600",
    "canShare": "true",
    "downloadModel": "DownloadableShareable",
    "new": 1,
    "received": "2015-03-27T10:42:49:00-0500",
    "name": "Education_System_Detail_Aid_V0_F"
  },
  "18aa7e1c119f4a7ebe701418b07230bfproduct169241": {
    "id": "18aa7e1c119f4a7ebe701418b07230bfproduct169241",
    "description": " ",
    "canDownload": "true",
    "url": "mfly:\/\/control\/folder\/18aa7e1c119f4a7ebe701418b07230bfproduct169241",
    "thumbnailUrl": "mfly:\/\/data\/image\/18aa7e1c119f4a7ebe701418b07230bfproduct169241",
    "type": "folder",
    "canShare": "true",
    "new": 1,
    "keywords": [
      "@CBRPartnership"
    ],
    "items": [
      "18aa7e1c119f4a7ebe701418b07230bfproduct169313"
    ],
    "autoStart": false,
    "name": "Provider Web Access"
  },
  "18aa7e1c119f4a7ebe701418b07230bfproduct169344": {
    "id": "18aa7e1c119f4a7ebe701418b07230bfproduct169344",
    "pages": 0,
    "canDownload": "true",
    "url": "mfly:\/\/control\/item\/18aa7e1c119f4a7ebe701418b07230bfproduct169344",
    "thumbnailUrl": "mfly:\/\/data\/image\/18aa7e1c119f4a7ebe701418b07230bfproduct169344",
    "launched": false,
    "type": "pdf",
    "progress": 1,
    "date": "2000-12-31T06:00:00:00-0600",
    "canShare": "true",
    "downloadModel": "DownloadableShareable",
    "new": 1,
    "received": "2015-03-27T10:43:17:00-0500",
    "name": "5. BMT 2009 Rubinstein"
  },
  "18aa7e1c119f4a7ebe701418b07230bfproduct169278": {
    "id": "18aa7e1c119f4a7ebe701418b07230bfproduct169278",
    "pages": 0,
    "canDownload": "true",
    "url": "mfly:\/\/control\/item\/18aa7e1c119f4a7ebe701418b07230bfproduct169278",
    "thumbnailUrl": "mfly:\/\/data\/image\/18aa7e1c119f4a7ebe701418b07230bfproduct169278",
    "launched": false,
    "type": "pdf",
    "progress": 1,
    "date": "2000-12-31T06:00:00:00-0600",
    "canShare": "true",
    "downloadModel": "DownloadableShareable",
    "new": 1,
    "received": "2015-03-27T10:42:41:00-0500",
    "name": "Quality Collection Handout"
  },
  "18aa7e1c119f4a7ebe701418b07230bfproduct169322": {
    "id": "18aa7e1c119f4a7ebe701418b07230bfproduct169322",
    "pages": 0,
    "canDownload": "true",
    "url": "mfly:\/\/control\/item\/18aa7e1c119f4a7ebe701418b07230bfproduct169322",
    "thumbnailUrl": "mfly:\/\/data\/image\/18aa7e1c119f4a7ebe701418b07230bfproduct169322",
    "launched": false,
    "type": "pdf",
    "progress": 1,
    "date": "2000-12-31T06:00:00:00-0600",
    "canShare": "true",
    "downloadModel": "DownloadableShareable",
    "new": 1,
    "received": "2015-03-27T10:43:19:00-0500",
    "name": "NPP Low Apgar_Patient Handout_04 10"
  },
  "18aa7e1c119f4a7ebe701418b07230bfproduct169318": {
    "id": "18aa7e1c119f4a7ebe701418b07230bfproduct169318",
    "pages": 0,
    "canDownload": "true",
    "url": "mfly:\/\/control\/item\/18aa7e1c119f4a7ebe701418b07230bfproduct169318",
    "thumbnailUrl": "mfly:\/\/data\/image\/18aa7e1c119f4a7ebe701418b07230bfproduct169318",
    "launched": false,
    "type": "pdf",
    "progress": 1,
    "date": "2000-12-31T06:00:00:00-0600",
    "canShare": "true",
    "downloadModel": "DownloadableShareable",
    "new": 1,
    "received": "2015-03-27T10:43:08:00-0500",
    "name": "Cont ObGyn_SMFM Consult_June 2014"
  },
  "18aa7e1c119f4a7ebe701418b07230bfproduct169282": {
    "id": "18aa7e1c119f4a7ebe701418b07230bfproduct169282",
    "pages": 0,
    "canDownload": "true",
    "url": "mfly:\/\/control\/item\/18aa7e1c119f4a7ebe701418b07230bfproduct169282",
    "thumbnailUrl": "mfly:\/\/data\/image\/18aa7e1c119f4a7ebe701418b07230bfproduct169282",
    "launched": false,
    "type": "pdf",
    "progress": 1,
    "date": "2000-12-31T06:00:00:00-0600",
    "canShare": "true",
    "downloadModel": "DownloadableShareable",
    "new": 1,
    "received": "2015-03-27T10:42:30:00-0500",
    "name": "Coaching Brief - Competitive Matrix and Competitive Play Book_010615"
  },
  "18aa7e1c119f4a7ebe701418b07230bfproduct169256": {
    "id": "18aa7e1c119f4a7ebe701418b07230bfproduct169256",
    "pages": 0,
    "canDownload": "true",
    "url": "mfly:\/\/control\/item\/18aa7e1c119f4a7ebe701418b07230bfproduct169256",
    "thumbnailUrl": "mfly:\/\/data\/image\/18aa7e1c119f4a7ebe701418b07230bfproduct169256",
    "launched": false,
    "type": "pdf",
    "progress": 1,
    "date": "2000-12-31T06:00:00:00-0600",
    "canShare": "true",
    "downloadModel": "DownloadableShareable",
    "new": 1,
    "received": "2015-03-27T10:42:49:00-0500",
    "name": "Cord_Blood_Bank_Consent_Form_V7"
  },
  "18aa7e1c119f4a7ebe701418b07230bfproduct169300": {
    "id": "18aa7e1c119f4a7ebe701418b07230bfproduct169300",
    "pages": 0,
    "canDownload": "true",
    "url": "mfly:\/\/control\/item\/18aa7e1c119f4a7ebe701418b07230bfproduct169300",
    "thumbnailUrl": "mfly:\/\/data\/image\/18aa7e1c119f4a7ebe701418b07230bfproduct169300",
    "launched": false,
    "type": "pdf",
    "progress": 1,
    "date": "2000-12-31T06:00:00:00-0600",
    "canShare": "true",
    "downloadModel": "DownloadableShareable",
    "new": 1,
    "received": "2015-03-27T10:42:26:00-0500",
    "name": "W-9_2013"
  },
  "18aa7e1c119f4a7ebe701418b07230bfproduct169701": {
    "id": "18aa7e1c119f4a7ebe701418b07230bfproduct169701",
    "canDownload": "true",
    "url": "mfly:\/\/control\/item\/18aa7e1c119f4a7ebe701418b07230bfproduct169701",
    "thumbnailUrl": "mfly:\/\/data\/image\/18aa7e1c119f4a7ebe701418b07230bfproduct169701",
    "launched": false,
    "type": "Video",
    "downloadModel": "DownloadableShareable",
    "date": "2000-12-31T06:00:00:00-0600",
    "progress": 1,
    "canShare": "true",
    "new": 1,
    "received": "2015-03-27T10:42:43:00-0500",
    "name": "How_animation_021215_FINAL"
  },
  "18aa7e1c119f4a7ebe701418b07230bfproduct169260": {
    "id": "18aa7e1c119f4a7ebe701418b07230bfproduct169260",
    "pages": 0,
    "canDownload": "true",
    "url": "mfly:\/\/control\/item\/18aa7e1c119f4a7ebe701418b07230bfproduct169260",
    "thumbnailUrl": "mfly:\/\/data\/image\/18aa7e1c119f4a7ebe701418b07230bfproduct169260",
    "launched": false,
    "type": "pdf",
    "progress": 1,
    "date": "2000-12-31T06:00:00:00-0600",
    "canShare": "true",
    "downloadModel": "DownloadableShareable",
    "new": 1,
    "received": "2015-03-27T10:42:49:00-0500",
    "name": "Blue_Orchid_English_V4_F"
  },
  "18aa7e1c119f4a7ebe701418b07230bfproduct169359": {
    "id": "18aa7e1c119f4a7ebe701418b07230bfproduct169359",
    "pages": 0,
    "canDownload": "true",
    "url": "mfly:\/\/control\/item\/18aa7e1c119f4a7ebe701418b07230bfproduct169359",
    "thumbnailUrl": "mfly:\/\/data\/image\/18aa7e1c119f4a7ebe701418b07230bfproduct169359",
    "launched": false,
    "type": "pdf",
    "progress": 1,
    "date": "2000-12-31T06:00:00:00-0600",
    "canShare": "true",
    "downloadModel": "DownloadableShareable",
    "new": 1,
    "received": "2015-03-27T10:43:14:00-0500",
    "name": "ASH_2011_Anticoagulant_Affects_Viability"
  },
  "18aa7e1c119f4a7ebe701418b07230bfproduct169297": {
    "id": "18aa7e1c119f4a7ebe701418b07230bfproduct169297",
    "pages": 0,
    "canDownload": "true",
    "url": "mfly:\/\/control\/item\/18aa7e1c119f4a7ebe701418b07230bfproduct169297",
    "thumbnailUrl": "mfly:\/\/data\/image\/18aa7e1c119f4a7ebe701418b07230bfproduct169297",
    "launched": false,
    "type": "pdf",
    "progress": 1,
    "date": "2000-12-31T06:00:00:00-0600",
    "canShare": "true",
    "downloadModel": "DownloadableShareable",
    "new": 1,
    "received": "2015-03-27T10:42:26:00-0500",
    "name": "HPN_QuizF"
  },
  "18aa7e1c119f4a7ebe701418b07230bfproduct169341": {
    "id": "18aa7e1c119f4a7ebe701418b07230bfproduct169341",
    "pages": 0,
    "canDownload": "true",
    "url": "mfly:\/\/control\/item\/18aa7e1c119f4a7ebe701418b07230bfproduct169341",
    "thumbnailUrl": "mfly:\/\/data\/image\/18aa7e1c119f4a7ebe701418b07230bfproduct169341",
    "launched": false,
    "type": "pdf",
    "progress": 1,
    "date": "2000-12-31T06:00:00:00-0600",
    "canShare": "true",
    "downloadModel": "DownloadableShareable",
    "new": 1,
    "received": "2015-03-27T10:43:17:00-0500",
    "name": "AABB_2012_Cord_Tissue"
  },
  "18aa7e1c119f4a7ebe701418b07230bfproduct169337": {
    "id": "18aa7e1c119f4a7ebe701418b07230bfproduct169337",
    "pages": 0,
    "canDownload": "true",
    "url": "mfly:\/\/control\/item\/18aa7e1c119f4a7ebe701418b07230bfproduct169337",
    "thumbnailUrl": "mfly:\/\/data\/image\/18aa7e1c119f4a7ebe701418b07230bfproduct169337",
    "launched": false,
    "type": "pdf",
    "progress": 1,
    "date": "2000-12-31T06:00:00:00-0600",
    "canShare": "true",
    "downloadModel": "DownloadableShareable",
    "new": 1,
    "received": "2015-03-27T10:42:54:00-0500",
    "name": "Consumer Deck Non-Branded"
  },
  "18aa7e1c119f4a7ebe701418b07230bfproduct169698": {
    "id": "18aa7e1c119f4a7ebe701418b07230bfproduct169698",
    "canDownload": "true",
    "url": "mfly:\/\/control\/item\/18aa7e1c119f4a7ebe701418b07230bfproduct169698",
    "thumbnailUrl": "mfly:\/\/data\/image\/18aa7e1c119f4a7ebe701418b07230bfproduct169698",
    "launched": false,
    "type": "Video",
    "downloadModel": "DownloadableShareable",
    "date": "2000-12-31T06:00:00:00-0600",
    "progress": 1,
    "canShare": "true",
    "new": 1,
    "received": "2015-03-27T10:42:43:00-0500",
    "name": "30-Invest_080514"
  },
  "18aa7e1c119f4a7ebe701418b07230bfproduct169275": {
    "id": "18aa7e1c119f4a7ebe701418b07230bfproduct169275",
    "canDownload": "true",
    "url": "mfly:\/\/control\/item\/18aa7e1c119f4a7ebe701418b07230bfproduct169275",
    "thumbnailUrl": "mfly:\/\/data\/image\/18aa7e1c119f4a7ebe701418b07230bfproduct169275",
    "launched": false,
    "type": "html",
    "downloadModel": "DownloadableShareable",
    "date": "2000-12-31T06:00:00:00-0600",
    "progress": 1,
    "canShare": "true",
    "new": 1,
    "received": "2015-03-27T10:42:41:00-0500",
    "name": "Accreditations-and-Licenses"
  },
  "18aa7e1c119f4a7ebe701418b07230bfproduct169676": {
    "id": "18aa7e1c119f4a7ebe701418b07230bfproduct169676",
    "canDownload": "true",
    "url": "mfly:\/\/control\/item\/18aa7e1c119f4a7ebe701418b07230bfproduct169676",
    "thumbnailUrl": "mfly:\/\/data\/image\/18aa7e1c119f4a7ebe701418b07230bfproduct169676",
    "launched": false,
    "type": "Video",
    "downloadModel": "DownloadableShareable",
    "date": "2000-12-31T06:00:00:00-0600",
    "progress": 1,
    "canShare": "true",
    "new": 1,
    "received": "2015-03-27T10:42:45:00-0500",
    "name": "Cord Blood Matters Webisode"
  },
  "18aa7e1c119f4a7ebe701418b07230bfproduct169253": {
    "id": "18aa7e1c119f4a7ebe701418b07230bfproduct169253",
    "pages": 0,
    "canDownload": "true",
    "url": "mfly:\/\/control\/item\/18aa7e1c119f4a7ebe701418b07230bfproduct169253",
    "thumbnailUrl": "mfly:\/\/data\/image\/18aa7e1c119f4a7ebe701418b07230bfproduct169253",
    "launched": false,
    "type": "pdf",
    "progress": 1,
    "date": "2000-12-31T06:00:00:00-0600",
    "canShare": "true",
    "downloadModel": "DownloadableShareable",
    "new": 1,
    "received": "2015-03-27T10:42:49:00-0500",
    "name": "Brain_Injury_Infosheet_V0_F"
  },
  "18aa7e1c119f4a7ebe701418b07230bfproduct169249": {
    "id": "18aa7e1c119f4a7ebe701418b07230bfproduct169249",
    "description": " ",
    "canDownload": "true",
    "url": "mfly:\/\/control\/folder\/18aa7e1c119f4a7ebe701418b07230bfproduct169249",
    "thumbnailUrl": "mfly:\/\/data\/image\/18aa7e1c119f4a7ebe701418b07230bfproduct169249",
    "type": "folder",
    "canShare": "true",
    "new": 4,
    "keywords": [
      "@CBRPartnership"
    ],
    "items": [
      "18aa7e1c119f4a7ebe701418b07230bfproduct169706",
      "18aa7e1c119f4a7ebe701418b07230bfproduct169705",
      "18aa7e1c119f4a7ebe701418b07230bfproduct169704",
      "18aa7e1c119f4a7ebe701418b07230bfproduct169702"
    ],
    "autoStart": false,
    "name": "Videos"
  },
  "version": 2,
  "18aa7e1c119f4a7ebe701418b07230bfproduct169356": {
    "id": "18aa7e1c119f4a7ebe701418b07230bfproduct169356",
    "pages": 0,
    "canDownload": "true",
    "url": "mfly:\/\/control\/item\/18aa7e1c119f4a7ebe701418b07230bfproduct169356",
    "thumbnailUrl": "mfly:\/\/data\/image\/18aa7e1c119f4a7ebe701418b07230bfproduct169356",
    "launched": false,
    "type": "pdf",
    "progress": 1,
    "date": "2000-12-31T06:00:00:00-0600",
    "canShare": "true",
    "downloadModel": "DownloadableShareable",
    "new": 1,
    "received": "2015-03-27T10:43:14:00-0500",
    "name": "ASBMT_2008_AXP_Recovery"
  },
  "18aa7e1c119f4a7ebe701418b07230bfproduct169231": {
    "id": "18aa7e1c119f4a7ebe701418b07230bfproduct169231",
    "description": " ",
    "canDownload": "true",
    "url": "mfly:\/\/control\/folder\/18aa7e1c119f4a7ebe701418b07230bfproduct169231",
    "thumbnailUrl": "mfly:\/\/data\/image\/18aa7e1c119f4a7ebe701418b07230bfproduct169231",
    "type": "folder",
    "canShare": "true",
    "new": 15,
    "keywords": [
      "@ScientificExperience"
    ],
    "items": [
      "18aa7e1c119f4a7ebe701418b07230bfproduct169355",
      "18aa7e1c119f4a7ebe701418b07230bfproduct169354",
      "18aa7e1c119f4a7ebe701418b07230bfproduct169353",
      "18aa7e1c119f4a7ebe701418b07230bfproduct169352",
      "18aa7e1c119f4a7ebe701418b07230bfproduct169351",
      "18aa7e1c119f4a7ebe701418b07230bfproduct169350",
      "18aa7e1c119f4a7ebe701418b07230bfproduct169349",
      "18aa7e1c119f4a7ebe701418b07230bfproduct169348",
      "18aa7e1c119f4a7ebe701418b07230bfproduct169347",
      "18aa7e1c119f4a7ebe701418b07230bfproduct169346",
      "18aa7e1c119f4a7ebe701418b07230bfproduct169345",
      "18aa7e1c119f4a7ebe701418b07230bfproduct169344",
      "18aa7e1c119f4a7ebe701418b07230bfproduct169343",
      "18aa7e1c119f4a7ebe701418b07230bfproduct169342",
      "18aa7e1c119f4a7ebe701418b07230bfproduct169341"
    ],
    "autoStart": false,
    "name": "SciMed Article Collection"
  },
  "18aa7e1c119f4a7ebe701418b07230bfproduct169757": {
    "url": "mfly:\/\/control\/folder\/18aa7e1c119f4a7ebe701418b07230bfproduct169757",
    "autoStart": false,
    "items": [
      "18aa7e1c119f4a7ebe701418b07230bfproduct169758"
    ],
    "thumbnailUrl": "mfly:\/\/data\/image\/18aa7e1c119f4a7ebe701418b07230bfproduct169757",
    "id": "18aa7e1c119f4a7ebe701418b07230bfproduct169757",
    "canDownload": "true",
    "type": "folder",
    "name": "Newly Created Folder",
    "canShare": "true"
  },
  "18aa7e1c119f4a7ebe701418b07230bfproduct169360": {
    "id": "18aa7e1c119f4a7ebe701418b07230bfproduct169360",
    "pages": 0,
    "canDownload": "true",
    "url": "mfly:\/\/control\/item\/18aa7e1c119f4a7ebe701418b07230bfproduct169360",
    "thumbnailUrl": "mfly:\/\/data\/image\/18aa7e1c119f4a7ebe701418b07230bfproduct169360",
    "launched": false,
    "type": "pdf",
    "progress": 1,
    "date": "2000-12-31T06:00:00:00-0600",
    "canShare": "true",
    "downloadModel": "DownloadableShareable",
    "new": 1,
    "received": "2015-03-27T10:43:14:00-0500",
    "name": "Cell_Therapy_Sample_ExperienceV0_FINAL"
  },
  "18aa7e1c119f4a7ebe701418b07230bfproduct169334": {
    "id": "18aa7e1c119f4a7ebe701418b07230bfproduct169334",
    "pages": 0,
    "canDownload": "true",
    "url": "mfly:\/\/control\/item\/18aa7e1c119f4a7ebe701418b07230bfproduct169334",
    "thumbnailUrl": "mfly:\/\/data\/image\/18aa7e1c119f4a7ebe701418b07230bfproduct169334",
    "launched": false,
    "type": "pdf",
    "progress": 1,
    "date": "2000-12-31T06:00:00:00-0600",
    "canShare": "true",
    "downloadModel": "DownloadableShareable",
    "new": 1,
    "received": "2015-03-27T10:42:54:00-0500",
    "name": "OB to Patients Request Form"
  },
  "18aa7e1c119f4a7ebe701418b07230bfproduct169294": {
    "id": "18aa7e1c119f4a7ebe701418b07230bfproduct169294",
    "canDownload": "true",
    "url": "mfly:\/\/control\/item\/18aa7e1c119f4a7ebe701418b07230bfproduct169294",
    "thumbnailUrl": "mfly:\/\/data\/image\/18aa7e1c119f4a7ebe701418b07230bfproduct169294",
    "launched": false,
    "type": "xls",
    "downloadModel": "DownloadableShareable",
    "date": "2000-12-31T06:00:00:00-0600",
    "progress": 1,
    "canShare": "true",
    "new": 1,
    "received": "2015-03-27T10:42:36:00-0500",
    "name": "Competitive Matrix December 2014"
  },
  "18aa7e1c119f4a7ebe701418b07230bfproduct169695": {
    "id": "18aa7e1c119f4a7ebe701418b07230bfproduct169695",
    "canDownload": "true",
    "url": "mfly:\/\/control\/item\/18aa7e1c119f4a7ebe701418b07230bfproduct169695",
    "thumbnailUrl": "mfly:\/\/data\/image\/18aa7e1c119f4a7ebe701418b07230bfproduct169695",
    "launched": false,
    "type": "Video",
    "downloadModel": "DownloadableShareable",
    "date": "2000-12-31T06:00:00:00-0600",
    "progress": 1,
    "canShare": "true",
    "new": 1,
    "received": "2015-03-27T10:42:45:00-0500",
    "name": "Labor Bag"
  },
  "18aa7e1c119f4a7ebe701418b07230bfproduct169268": {
    "id": "18aa7e1c119f4a7ebe701418b07230bfproduct169268",
    "pages": 0,
    "canDownload": "true",
    "url": "mfly:\/\/control\/item\/18aa7e1c119f4a7ebe701418b07230bfproduct169268",
    "thumbnailUrl": "mfly:\/\/data\/image\/18aa7e1c119f4a7ebe701418b07230bfproduct169268",
    "launched": false,
    "type": "pdf",
    "progress": 1,
    "date": "2000-12-31T06:00:00:00-0600",
    "canShare": "true",
    "downloadModel": "DownloadableShareable",
    "new": 1,
    "received": "2015-03-27T10:42:49:00-0500",
    "name": "NPP_LowApgar_Patient_Info_Handout_V2_F"
  },
  "18aa7e1c119f4a7ebe701418b07230bfproduct169308": {
    "id": "18aa7e1c119f4a7ebe701418b07230bfproduct169308",
    "pages": 0,
    "canDownload": "true",
    "url": "mfly:\/\/control\/item\/18aa7e1c119f4a7ebe701418b07230bfproduct169308",
    "thumbnailUrl": "mfly:\/\/data\/image\/18aa7e1c119f4a7ebe701418b07230bfproduct169308",
    "launched": false,
    "type": "pdf",
    "progress": 1,
    "date": "2000-12-31T06:00:00:00-0600",
    "canShare": "true",
    "downloadModel": "DownloadableShareable",
    "new": 1,
    "received": "2015-03-27T10:42:35:00-0500",
    "name": "LGP_ltr_instructions_revised"
  },
  "18aa7e1c119f4a7ebe701418b07230bfproduct169272": {
    "id": "18aa7e1c119f4a7ebe701418b07230bfproduct169272",
    "pages": 0,
    "canDownload": "true",
    "url": "mfly:\/\/control\/item\/18aa7e1c119f4a7ebe701418b07230bfproduct169272",
    "thumbnailUrl": "mfly:\/\/data\/image\/18aa7e1c119f4a7ebe701418b07230bfproduct169272",
    "launched": false,
    "type": "pdf",
    "progress": 1,
    "date": "2000-12-31T06:00:00:00-0600",
    "canShare": "true",
    "downloadModel": "DownloadableShareable",
    "new": 1,
    "received": "2015-03-27T10:42:49:00-0500",
    "name": "Spanish_Brochure_V20_F"
  },
  "18aa7e1c119f4a7ebe701418b07230bfproduct169246": {
    "id": "18aa7e1c119f4a7ebe701418b07230bfproduct169246",
    "description": " ",
    "canDownload": "true",
    "url": "mfly:\/\/control\/folder\/18aa7e1c119f4a7ebe701418b07230bfproduct169246",
    "thumbnailUrl": "mfly:\/\/data\/image\/18aa7e1c119f4a7ebe701418b07230bfproduct169246",
    "type": "folder",
    "canShare": "true",
    "new": 2,
    "keywords": [
      "@CBRPartnership"
    ],
    "items": [
      "18aa7e1c119f4a7ebe701418b07230bfproduct169302",
      "18aa7e1c119f4a7ebe701418b07230bfproduct169301"
    ],
    "autoStart": false,
    "name": "Kit Stocking Information"
  },
  "18aa7e1c119f4a7ebe701418b07230bfproduct169250": {
    "id": "18aa7e1c119f4a7ebe701418b07230bfproduct169250",
    "pages": 0,
    "canDownload": "true",
    "url": "mfly:\/\/control\/item\/18aa7e1c119f4a7ebe701418b07230bfproduct169250",
    "thumbnailUrl": "mfly:\/\/data\/image\/18aa7e1c119f4a7ebe701418b07230bfproduct169250",
    "launched": false,
    "type": "pdf",
    "progress": 1,
    "date": "2000-12-31T06:00:00:00-0600",
    "canShare": "true",
    "downloadModel": "DownloadableShareable",
    "new": 1,
    "received": "2015-03-27T10:42:49:00-0500",
    "name": "Banking_Decision_Card_V0_F"
  },
  "18aa7e1c119f4a7ebe701418b07230bfproduct169353": {
    "id": "18aa7e1c119f4a7ebe701418b07230bfproduct169353",
    "pages": 0,
    "canDownload": "true",
    "url": "mfly:\/\/control\/item\/18aa7e1c119f4a7ebe701418b07230bfproduct169353",
    "thumbnailUrl": "mfly:\/\/data\/image\/18aa7e1c119f4a7ebe701418b07230bfproduct169353",
    "launched": false,
    "type": "pdf",
    "progress": 1,
    "date": "2000-12-31T06:00:00:00-0600",
    "canShare": "true",
    "downloadModel": "DownloadableShareable",
    "new": 1,
    "received": "2015-03-27T10:43:17:00-0500",
    "name": "Pediatric 1981 Nelson"
  },
  "18aa7e1c119f4a7ebe701418b07230bfproduct169349": {
    "id": "18aa7e1c119f4a7ebe701418b07230bfproduct169349",
    "pages": 0,
    "canDownload": "true",
    "url": "mfly:\/\/control\/item\/18aa7e1c119f4a7ebe701418b07230bfproduct169349",
    "thumbnailUrl": "mfly:\/\/data\/image\/18aa7e1c119f4a7ebe701418b07230bfproduct169349",
    "launched": false,
    "type": "pdf",
    "progress": 1,
    "date": "2000-12-31T06:00:00:00-0600",
    "canShare": "true",
    "downloadModel": "DownloadableShareable",
    "new": 1,
    "received": "2015-03-27T10:43:17:00-0500",
    "name": "J Ped 2001 Moster"
  },
  "18aa7e1c119f4a7ebe701418b07230bfproduct169291": {
    "id": "18aa7e1c119f4a7ebe701418b07230bfproduct169291",
    "pages": 0,
    "canDownload": "true",
    "url": "mfly:\/\/control\/item\/18aa7e1c119f4a7ebe701418b07230bfproduct169291",
    "thumbnailUrl": "mfly:\/\/data\/image\/18aa7e1c119f4a7ebe701418b07230bfproduct169291",
    "launched": false,
    "type": "pdf",
    "progress": 1,
    "date": "2000-12-31T06:00:00:00-0600",
    "canShare": "true",
    "downloadModel": "DownloadableShareable",
    "new": 1,
    "received": "2015-03-27T10:42:30:00-0500",
    "name": "Updated Positive Sterility Notification Process - Coaching Brief "
  },
  "18aa7e1c119f4a7ebe701418b07230bfproduct169287": {
    "id": "18aa7e1c119f4a7ebe701418b07230bfproduct169287",
    "pages": 0,
    "canDownload": "true",
    "url": "mfly:\/\/control\/item\/18aa7e1c119f4a7ebe701418b07230bfproduct169287",
    "thumbnailUrl": "mfly:\/\/data\/image\/18aa7e1c119f4a7ebe701418b07230bfproduct169287",
    "launched": false,
    "type": "pdf",
    "progress": 1,
    "date": "2000-12-31T06:00:00:00-0600",
    "canShare": "true",
    "downloadModel": "DownloadableShareable",
    "new": 1,
    "received": "2015-03-27T10:42:30:00-0500",
    "name": "iCapture App - Coaching Brief_FINAL"
  },
  "18aa7e1c119f4a7ebe701418b07230bfproduct169331": {
    "id": "18aa7e1c119f4a7ebe701418b07230bfproduct169331",
    "pages": 0,
    "canDownload": "true",
    "url": "mfly:\/\/control\/item\/18aa7e1c119f4a7ebe701418b07230bfproduct169331",
    "thumbnailUrl": "mfly:\/\/data\/image\/18aa7e1c119f4a7ebe701418b07230bfproduct169331",
    "launched": false,
    "type": "pdf",
    "progress": 1,
    "date": "2000-12-31T06:00:00:00-0600",
    "canShare": "true",
    "downloadModel": "DownloadableShareable",
    "new": 1,
    "received": "2015-03-27T10:42:54:00-0500",
    "name": "OB to Patients - Coaching Brief_FINAL"
  },
  "18aa7e1c119f4a7ebe701418b07230bfproduct169327": {
    "id": "18aa7e1c119f4a7ebe701418b07230bfproduct169327",
    "pages": 0,
    "canDownload": "true",
    "url": "mfly:\/\/control\/item\/18aa7e1c119f4a7ebe701418b07230bfproduct169327",
    "thumbnailUrl": "mfly:\/\/data\/image\/18aa7e1c119f4a7ebe701418b07230bfproduct169327",
    "launched": false,
    "type": "pdf",
    "progress": 1,
    "date": "2000-12-31T06:00:00:00-0600",
    "canShare": "true",
    "downloadModel": "DownloadableShareable",
    "new": 1,
    "received": "2015-03-27T10:42:54:00-0500",
    "name": "OB to Patient Best Practices"
  },
  "18aa7e1c119f4a7ebe701418b07230bfproduct169265": {
    "id": "18aa7e1c119f4a7ebe701418b07230bfproduct169265",
    "pages": 0,
    "canDownload": "true",
    "url": "mfly:\/\/control\/item\/18aa7e1c119f4a7ebe701418b07230bfproduct169265",
    "thumbnailUrl": "mfly:\/\/data\/image\/18aa7e1c119f4a7ebe701418b07230bfproduct169265",
    "launched": false,
    "type": "pdf",
    "progress": 1,
    "date": "2000-12-31T06:00:00:00-0600",
    "canShare": "true",
    "downloadModel": "DownloadableShareable",
    "new": 1,
    "received": "2015-03-27T10:42:49:00-0500",
    "name": "NPP_LowApgar_HCP_Handout_V5_F"
  },
  "18aa7e1c119f4a7ebe701418b07230bfproduct169305": {
    "id": "18aa7e1c119f4a7ebe701418b07230bfproduct169305",
    "pages": 0,
    "canDownload": "true",
    "url": "mfly:\/\/control\/item\/18aa7e1c119f4a7ebe701418b07230bfproduct169305",
    "thumbnailUrl": "mfly:\/\/data\/image\/18aa7e1c119f4a7ebe701418b07230bfproduct169305",
    "launched": false,
    "type": "pdf",
    "progress": 1,
    "date": "2000-12-31T06:00:00:00-0600",
    "canShare": "true",
    "downloadModel": "DownloadableShareable",
    "new": 1,
    "received": "2015-03-27T10:42:35:00-0500",
    "name": "LGP_Patient_LetterV0_Spanish"
  },
  "18aa7e1c119f4a7ebe701418b07230bfproduct169706": {
    "id": "18aa7e1c119f4a7ebe701418b07230bfproduct169706",
    "canDownload": "true",
    "url": "mfly:\/\/control\/item\/18aa7e1c119f4a7ebe701418b07230bfproduct169706",
    "thumbnailUrl": "mfly:\/\/data\/image\/18aa7e1c119f4a7ebe701418b07230bfproduct169706",
    "launched": false,
    "type": "Video",
    "downloadModel": "DownloadableShareable",
    "date": "2000-12-31T06:00:00:00-0600",
    "progress": 1,
    "canShare": "true",
    "new": 1,
    "received": "2015-03-27T10:42:38:00-0500",
    "name": "Customer_Service_V3"
  },
  "18aa7e1c119f4a7ebe701418b07230bfproduct169243": {
    "id": "18aa7e1c119f4a7ebe701418b07230bfproduct169243",
    "description": " ",
    "canDownload": "true",
    "url": "mfly:\/\/control\/folder\/18aa7e1c119f4a7ebe701418b07230bfproduct169243",
    "thumbnailUrl": "mfly:\/\/data\/image\/18aa7e1c119f4a7ebe701418b07230bfproduct169243",
    "type": "folder",
    "canShare": "true",
    "new": 5,
    "keywords": [
      "@CBRPartnership"
    ],
    "items": [
      "18aa7e1c119f4a7ebe701418b07230bfproduct169308",
      "18aa7e1c119f4a7ebe701418b07230bfproduct169307",
      "18aa7e1c119f4a7ebe701418b07230bfproduct169306",
      "18aa7e1c119f4a7ebe701418b07230bfproduct169305",
      "18aa7e1c119f4a7ebe701418b07230bfproduct169304"
    ],
    "autoStart": false,
    "name": "Large Group Practice Resources"
  },
  "18aa7e1c119f4a7ebe701418b07230bfproduct169239": {
    "url": "mfly:\/\/control\/folder\/18aa7e1c119f4a7ebe701418b07230bfproduct169239",
    "autoStart": false,
    "items": [
      "18aa7e1c119f4a7ebe701418b07230bfproduct169273",
      "18aa7e1c119f4a7ebe701418b07230bfproduct169272",
      "18aa7e1c119f4a7ebe701418b07230bfproduct169271",
      "18aa7e1c119f4a7ebe701418b07230bfproduct169270",
      "18aa7e1c119f4a7ebe701418b07230bfproduct169269",
      "18aa7e1c119f4a7ebe701418b07230bfproduct169268",
      "18aa7e1c119f4a7ebe701418b07230bfproduct169267",
      "18aa7e1c119f4a7ebe701418b07230bfproduct169266",
      "18aa7e1c119f4a7ebe701418b07230bfproduct169265",
      "18aa7e1c119f4a7ebe701418b07230bfproduct169264",
      "18aa7e1c119f4a7ebe701418b07230bfproduct169263",
      "18aa7e1c119f4a7ebe701418b07230bfproduct169262",
      "18aa7e1c119f4a7ebe701418b07230bfproduct169261",
      "18aa7e1c119f4a7ebe701418b07230bfproduct169260",
      "18aa7e1c119f4a7ebe701418b07230bfproduct169259",
      "18aa7e1c119f4a7ebe701418b07230bfproduct169258",
      "18aa7e1c119f4a7ebe701418b07230bfproduct169257",
      "18aa7e1c119f4a7ebe701418b07230bfproduct169256",
      "18aa7e1c119f4a7ebe701418b07230bfproduct169255",
      "18aa7e1c119f4a7ebe701418b07230bfproduct169254",
      "18aa7e1c119f4a7ebe701418b07230bfproduct169253",
      "18aa7e1c119f4a7ebe701418b07230bfproduct169252",
      "18aa7e1c119f4a7ebe701418b07230bfproduct169251",
      "18aa7e1c119f4a7ebe701418b07230bfproduct169250"
    ],
    "id": "18aa7e1c119f4a7ebe701418b07230bfproduct169239",
    "keywords": [
      "@PatientCounseling"
    ],
    "thumbnailUrl": "mfly:\/\/data\/image\/18aa7e1c119f4a7ebe701418b07230bfproduct169239",
    "new": 24,
    "canDownload": "true",
    "type": "folder",
    "name": "CBR Educational Materials",
    "canShare": "true"
  },
  "18aa7e1c119f4a7ebe701418b07230bfproduct169346": {
    "id": "18aa7e1c119f4a7ebe701418b07230bfproduct169346",
    "pages": 0,
    "canDownload": "true",
    "url": "mfly:\/\/control\/item\/18aa7e1c119f4a7ebe701418b07230bfproduct169346",
    "thumbnailUrl": "mfly:\/\/data\/image\/18aa7e1c119f4a7ebe701418b07230bfproduct169346",
    "launched": false,
    "type": "pdf",
    "progress": 1,
    "date": "2000-12-31T06:00:00:00-0600",
    "canShare": "true",
    "downloadModel": "DownloadableShareable",
    "new": 1,
    "received": "2015-03-27T10:43:17:00-0500",
    "name": "Haematol 2010 Bizetto"
  },
  "18aa7e1c119f4a7ebe701418b07230bfproduct169221": {
    "id": "18aa7e1c119f4a7ebe701418b07230bfproduct169221",
    "description": " ",
    "canDownload": "true",
    "url": "mfly:\/\/control\/folder\/18aa7e1c119f4a7ebe701418b07230bfproduct169221",
    "thumbnailUrl": "mfly:\/\/data\/image\/18aa7e1c119f4a7ebe701418b07230bfproduct169221",
    "type": "folder",
    "canShare": "true",
    "new": 48,
    "keywords": [
      "@mainNavigation"
    ],
    "items": [
      "18aa7e1c119f4a7ebe701418b07230bfproduct169239",
      "18aa7e1c119f4a7ebe701418b07230bfproduct169228",
      "18aa7e1c119f4a7ebe701418b07230bfproduct169223"
    ],
    "autoStart": false,
    "name": "Patient Counseling"
  },
  "18aa7e1c119f4a7ebe701418b07230bfproduct169350": {
    "id": "18aa7e1c119f4a7ebe701418b07230bfproduct169350",
    "pages": 0,
    "canDownload": "true",
    "url": "mfly:\/\/control\/item\/18aa7e1c119f4a7ebe701418b07230bfproduct169350",
    "thumbnailUrl": "mfly:\/\/data\/image\/18aa7e1c119f4a7ebe701418b07230bfproduct169350",
    "launched": false,
    "type": "pdf",
    "progress": 1,
    "date": "2000-12-31T06:00:00:00-0600",
    "canShare": "true",
    "downloadModel": "DownloadableShareable",
    "new": 1,
    "received": "2015-03-27T10:43:17:00-0500",
    "name": "Mol Neurobiol 2012 Sun"
  },
  "18aa7e1c119f4a7ebe701418b07230bfproduct169217": {
    "id": "18aa7e1c119f4a7ebe701418b07230bfproduct169217",
    "description": " ",
    "canDownload": "true",
    "url": "mfly:\/\/control\/folder\/18aa7e1c119f4a7ebe701418b07230bfproduct169217",
    "thumbnailUrl": "mfly:\/\/data\/image\/18aa7e1c119f4a7ebe701418b07230bfproduct169217",
    "type": "folder",
    "canShare": "true",
    "new": 42,
    "keywords": [
      "@mainNavigation"
    ],
    "items": [
      "18aa7e1c119f4a7ebe701418b07230bfproduct169249",
      "18aa7e1c119f4a7ebe701418b07230bfproduct169248",
      "18aa7e1c119f4a7ebe701418b07230bfproduct169247",
      "18aa7e1c119f4a7ebe701418b07230bfproduct169246",
      "18aa7e1c119f4a7ebe701418b07230bfproduct169245",
      "18aa7e1c119f4a7ebe701418b07230bfproduct169243",
      "18aa7e1c119f4a7ebe701418b07230bfproduct169242",
      "18aa7e1c119f4a7ebe701418b07230bfproduct169241",
      "18aa7e1c119f4a7ebe701418b07230bfproduct169240"
    ],
    "autoStart": false,
    "name": "CBR Partnership"
  },
  "18aa7e1c119f4a7ebe701418b07230bfproduct169324": {
    "id": "18aa7e1c119f4a7ebe701418b07230bfproduct169324",
    "pages": 0,
    "canDownload": "true",
    "url": "mfly:\/\/control\/item\/18aa7e1c119f4a7ebe701418b07230bfproduct169324",
    "thumbnailUrl": "mfly:\/\/data\/image\/18aa7e1c119f4a7ebe701418b07230bfproduct169324",
    "launched": false,
    "type": "pdf",
    "progress": 1,
    "date": "2000-12-31T06:00:00:00-0600",
    "canShare": "true",
    "downloadModel": "DownloadableShareable",
    "new": 1,
    "received": "2015-03-27T10:43:19:00-0500",
    "name": "NPP Eligible Disease List Handout"
  },
  "18aa7e1c119f4a7ebe701418b07230bfproduct169284": {
    "id": "18aa7e1c119f4a7ebe701418b07230bfproduct169284",
    "pages": 0,
    "canDownload": "true",
    "url": "mfly:\/\/control\/item\/18aa7e1c119f4a7ebe701418b07230bfproduct169284",
    "thumbnailUrl": "mfly:\/\/data\/image\/18aa7e1c119f4a7ebe701418b07230bfproduct169284",
    "launched": false,
    "type": "pdf",
    "progress": 1,
    "date": "2000-12-31T06:00:00:00-0600",
    "canShare": "true",
    "downloadModel": "DownloadableShareable",
    "new": 1,
    "received": "2015-03-27T10:42:30:00-0500",
    "name": "Coaching Brief - Viacord Pricing Changes_Sept 26 2014_FINAL"
  },
  "18aa7e1c119f4a7ebe701418b07230bfproduct169258": {
    "id": "18aa7e1c119f4a7ebe701418b07230bfproduct169258",
    "pages": 0,
    "canDownload": "true",
    "url": "mfly:\/\/control\/item\/18aa7e1c119f4a7ebe701418b07230bfproduct169258",
    "thumbnailUrl": "mfly:\/\/data\/image\/18aa7e1c119f4a7ebe701418b07230bfproduct169258",
    "launched": false,
    "type": "pdf",
    "progress": 1,
    "date": "2000-12-31T06:00:00:00-0600",
    "canShare": "true",
    "downloadModel": "DownloadableShareable",
    "new": 1,
    "received": "2015-03-27T10:42:49:00-0500",
    "name": "Blue_Orchid_Spanish_V3_F"
  },
  "18aa7e1c119f4a7ebe701418b07230bfproduct169302": {
    "id": "18aa7e1c119f4a7ebe701418b07230bfproduct169302",
    "pages": 0,
    "canDownload": "true",
    "url": "mfly:\/\/control\/item\/18aa7e1c119f4a7ebe701418b07230bfproduct169302",
    "thumbnailUrl": "mfly:\/\/data\/image\/18aa7e1c119f4a7ebe701418b07230bfproduct169302",
    "launched": false,
    "type": "pdf",
    "progress": 1,
    "date": "2000-12-31T06:00:00:00-0600",
    "canShare": "true",
    "downloadModel": "DownloadableShareable",
    "new": 1,
    "received": "2015-03-27T10:42:58:00-0500",
    "name": "Hospital_Kit_Stocking_Letter_MA02153.01"
  },
  "18aa7e1c119f4a7ebe701418b07230bfproduct169703": {
    "id": "18aa7e1c119f4a7ebe701418b07230bfproduct169703",
    "canDownload": "true",
    "url": "mfly:\/\/control\/item\/18aa7e1c119f4a7ebe701418b07230bfproduct169703",
    "thumbnailUrl": "mfly:\/\/data\/image\/18aa7e1c119f4a7ebe701418b07230bfproduct169703",
    "launched": false,
    "type": "Video",
    "downloadModel": "DownloadableShareable",
    "date": "2000-12-31T06:00:00:00-0600",
    "progress": 1,
    "canShare": "true",
    "new": 1,
    "received": "2015-03-27T10:42:43:00-0500",
    "name": "Why_Bank_080414"
  },
  "18aa7e1c119f4a7ebe701418b07230bfproduct169262": {
    "id": "18aa7e1c119f4a7ebe701418b07230bfproduct169262",
    "pages": 0,
    "canDownload": "true",
    "url": "mfly:\/\/control\/item\/18aa7e1c119f4a7ebe701418b07230bfproduct169262",
    "thumbnailUrl": "mfly:\/\/data\/image\/18aa7e1c119f4a7ebe701418b07230bfproduct169262",
    "launched": false,
    "type": "pdf",
    "progress": 1,
    "date": "2000-12-31T06:00:00:00-0600",
    "canShare": "true",
    "downloadModel": "DownloadableShareable",
    "new": 1,
    "received": "2015-03-27T10:42:49:00-0500",
    "name": "Blue_Orchid_Chinese_V1_F"
  },
  "18aa7e1c119f4a7ebe701418b07230bfproduct169236": {
    "id": "18aa7e1c119f4a7ebe701418b07230bfproduct169236",
    "description": " ",
    "canDownload": "true",
    "url": "mfly:\/\/control\/folder\/18aa7e1c119f4a7ebe701418b07230bfproduct169236",
    "thumbnailUrl": "mfly:\/\/data\/image\/18aa7e1c119f4a7ebe701418b07230bfproduct169236",
    "type": "folder",
    "canShare": "true",
    "new": 5,
    "keywords": [
      "@ClinicalResources"
    ],
    "items": [
      "18aa7e1c119f4a7ebe701418b07230bfproduct169326",
      "18aa7e1c119f4a7ebe701418b07230bfproduct169325",
      "18aa7e1c119f4a7ebe701418b07230bfproduct169324",
      "18aa7e1c119f4a7ebe701418b07230bfproduct169323",
      "18aa7e1c119f4a7ebe701418b07230bfproduct169322"
    ],
    "autoStart": false,
    "name": "Newborn Possibility Program"
  },
  "18aa7e1c119f4a7ebe701418b07230bfproduct169766": {
    "id": "18aa7e1c119f4a7ebe701418b07230bfproduct169766",
    "canDownload": "true",
    "url": "mfly:\/\/control\/item\/18aa7e1c119f4a7ebe701418b07230bfproduct169766",
    "thumbnailUrl": "mfly:\/\/data\/image\/18aa7e1c119f4a7ebe701418b07230bfproduct169766",
    "launched": true,
    "type": "zip",
    "downloadModel": "DownloadableShareable",
    "date": "2000-12-31T06:00:00:00-0600",
    "progress": 1,
    "canShare": "true",
    "received": "2015-03-27T12:30:31:00-0500",
    "name": "mflyInit.zip"
  },
  "18aa7e1c119f4a7ebe701418b07230bfproduct169240": {
    "id": "18aa7e1c119f4a7ebe701418b07230bfproduct169240",
    "description": " ",
    "canDownload": "true",
    "url": "mfly:\/\/control\/folder\/18aa7e1c119f4a7ebe701418b07230bfproduct169240",
    "thumbnailUrl": "mfly:\/\/data\/image\/18aa7e1c119f4a7ebe701418b07230bfproduct169240",
    "type": "folder",
    "canShare": "true",
    "new": 4,
    "keywords": [
      "@CBRPartnership"
    ],
    "items": [
      "18aa7e1c119f4a7ebe701418b07230bfproduct169278",
      "18aa7e1c119f4a7ebe701418b07230bfproduct169277",
      "18aa7e1c119f4a7ebe701418b07230bfproduct169276",
      "18aa7e1c119f4a7ebe701418b07230bfproduct169275"
    ],
    "autoStart": false,
    "name": "Accreditations & Quality"
  },
  "18aa7e1c119f4a7ebe701418b07230bfproduct169299": {
    "id": "18aa7e1c119f4a7ebe701418b07230bfproduct169299",
    "pages": 0,
    "canDownload": "true",
    "url": "mfly:\/\/control\/item\/18aa7e1c119f4a7ebe701418b07230bfproduct169299",
    "thumbnailUrl": "mfly:\/\/data\/image\/18aa7e1c119f4a7ebe701418b07230bfproduct169299",
    "launched": false,
    "type": "pdf",
    "progress": 1,
    "date": "2000-12-31T06:00:00:00-0600",
    "canShare": "true",
    "downloadModel": "DownloadableShareable",
    "new": 1,
    "received": "2015-03-27T10:42:26:00-0500",
    "name": "Sunshine Act Letter"
  },
  "18aa7e1c119f4a7ebe701418b07230bfproduct169343": {
    "id": "18aa7e1c119f4a7ebe701418b07230bfproduct169343",
    "pages": 0,
    "canDownload": "true",
    "url": "mfly:\/\/control\/item\/18aa7e1c119f4a7ebe701418b07230bfproduct169343",
    "thumbnailUrl": "mfly:\/\/data\/image\/18aa7e1c119f4a7ebe701418b07230bfproduct169343",
    "launched": false,
    "type": "pdf",
    "progress": 1,
    "date": "2000-12-31T06:00:00:00-0600",
    "canShare": "true",
    "downloadModel": "DownloadableShareable",
    "new": 1,
    "received": "2015-03-27T10:43:17:00-0500",
    "name": "BMJ Study with highlights"
  },
  "18aa7e1c119f4a7ebe701418b07230bfproduct169339": {
    "id": "18aa7e1c119f4a7ebe701418b07230bfproduct169339",
    "pages": 0,
    "canDownload": "true",
    "url": "mfly:\/\/control\/item\/18aa7e1c119f4a7ebe701418b07230bfproduct169339",
    "thumbnailUrl": "mfly:\/\/data\/image\/18aa7e1c119f4a7ebe701418b07230bfproduct169339",
    "launched": false,
    "type": "pdf",
    "progress": 1,
    "date": "2000-12-31T06:00:00:00-0600",
    "canShare": "true",
    "downloadModel": "DownloadableShareable",
    "new": 1,
    "received": "2015-03-27T10:43:03:00-0500",
    "name": "Cell Symposia Poster_2014_D5"
  },
  "18aa7e1c119f4a7ebe701418b07230bfproduct169281": {
    "id": "18aa7e1c119f4a7ebe701418b07230bfproduct169281",
    "pages": 0,
    "canDownload": "true",
    "url": "mfly:\/\/control\/item\/18aa7e1c119f4a7ebe701418b07230bfproduct169281",
    "thumbnailUrl": "mfly:\/\/data\/image\/18aa7e1c119f4a7ebe701418b07230bfproduct169281",
    "launched": false,
    "type": "pdf",
    "progress": 1,
    "date": "2000-12-31T06:00:00:00-0600",
    "canShare": "true",
    "downloadModel": "DownloadableShareable",
    "new": 1,
    "received": "2015-03-27T10:42:30:00-0500",
    "name": "Cord Blood 101 Quiz_LMC"
  },
  "18aa7e1c119f4a7ebe701418b07230bfproduct169277": {
    "id": "18aa7e1c119f4a7ebe701418b07230bfproduct169277",
    "pages": 0,
    "canDownload": "true",
    "url": "mfly:\/\/control\/item\/18aa7e1c119f4a7ebe701418b07230bfproduct169277",
    "thumbnailUrl": "mfly:\/\/data\/image\/18aa7e1c119f4a7ebe701418b07230bfproduct169277",
    "launched": false,
    "type": "pdf",
    "progress": 1,
    "date": "2000-12-31T06:00:00:00-0600",
    "canShare": "true",
    "downloadModel": "DownloadableShareable",
    "new": 1,
    "received": "2015-03-27T10:42:41:00-0500",
    "name": "DocOffice_BrochureV24_F"
  },
  "18aa7e1c119f4a7ebe701418b07230bfproduct169321": {
    "id": "18aa7e1c119f4a7ebe701418b07230bfproduct169321",
    "pages": 0,
    "canDownload": "true",
    "url": "mfly:\/\/control\/item\/18aa7e1c119f4a7ebe701418b07230bfproduct169321",
    "thumbnailUrl": "mfly:\/\/data\/image\/18aa7e1c119f4a7ebe701418b07230bfproduct169321",
    "launched": false,
    "type": "pdf",
    "progress": 1,
    "date": "2000-12-31T06:00:00:00-0600",
    "canShare": "true",
    "downloadModel": "DownloadableShareable",
    "new": 1,
    "received": "2015-03-27T10:43:08:00-0500",
    "name": "HCP MKTG Omnia WHAV Overview_Final"
  },
  "18aa7e1c119f4a7ebe701418b07230bfproduct169317": {
    "id": "18aa7e1c119f4a7ebe701418b07230bfproduct169317",
    "pages": 0,
    "canDownload": "true",
    "url": "mfly:\/\/control\/item\/18aa7e1c119f4a7ebe701418b07230bfproduct169317",
    "thumbnailUrl": "mfly:\/\/data\/image\/18aa7e1c119f4a7ebe701418b07230bfproduct169317",
    "launched": false,
    "type": "pdf",
    "progress": 1,
    "date": "2000-12-31T06:00:00:00-0600",
    "canShare": "true",
    "downloadModel": "DownloadableShareable",
    "new": 1,
    "received": "2015-03-27T10:43:08:00-0500",
    "name": "Delayed Cord Clamping Lit Review - Coaching Brief_FINAL"
  },
  "18aa7e1c119f4a7ebe701418b07230bfproduct169678": {
    "id": "18aa7e1c119f4a7ebe701418b07230bfproduct169678",
    "canDownload": "true",
    "url": "mfly:\/\/control\/item\/18aa7e1c119f4a7ebe701418b07230bfproduct169678",
    "thumbnailUrl": "mfly:\/\/data\/image\/18aa7e1c119f4a7ebe701418b07230bfproduct169678",
    "launched": false,
    "type": "Video",
    "downloadModel": "DownloadableShareable",
    "date": "2000-12-31T06:00:00:00-0600",
    "progress": 1,
    "canShare": "true",
    "new": 1,
    "received": "2015-03-27T10:42:45:00-0500",
    "name": "The Doctors Webisode"
  },
  "18aa7e1c119f4a7ebe701418b07230bfproduct169255": {
    "id": "18aa7e1c119f4a7ebe701418b07230bfproduct169255",
    "pages": 0,
    "canDownload": "true",
    "url": "mfly:\/\/control\/item\/18aa7e1c119f4a7ebe701418b07230bfproduct169255",
    "thumbnailUrl": "mfly:\/\/data\/image\/18aa7e1c119f4a7ebe701418b07230bfproduct169255",
    "launched": false,
    "type": "pdf",
    "progress": 1,
    "date": "2000-12-31T06:00:00:00-0600",
    "canShare": "true",
    "downloadModel": "DownloadableShareable",
    "new": 1,
    "received": "2015-03-27T10:42:49:00-0500",
    "name": "Clinical_Trials_Handout_V2_F"
  },
  "18aa7e1c119f4a7ebe701418b07230bfproduct169700": {
    "id": "18aa7e1c119f4a7ebe701418b07230bfproduct169700",
    "canDownload": "true",
    "url": "mfly:\/\/control\/item\/18aa7e1c119f4a7ebe701418b07230bfproduct169700",
    "thumbnailUrl": "mfly:\/\/data\/image\/18aa7e1c119f4a7ebe701418b07230bfproduct169700",
    "launched": false,
    "type": "Video",
    "downloadModel": "DownloadableShareable",
    "date": "2000-12-31T06:00:00:00-0600",
    "progress": 1,
    "canShare": "true",
    "new": 1,
    "received": "2015-03-27T10:42:43:00-0500",
    "name": "101_animation_021215_FINAL"
  },
  "18aa7e1c119f4a7ebe701418b07230bfproduct169358": {
    "id": "18aa7e1c119f4a7ebe701418b07230bfproduct169358",
    "pages": 0,
    "canDownload": "true",
    "url": "mfly:\/\/control\/item\/18aa7e1c119f4a7ebe701418b07230bfproduct169358",
    "thumbnailUrl": "mfly:\/\/data\/image\/18aa7e1c119f4a7ebe701418b07230bfproduct169358",
    "launched": false,
    "type": "pdf",
    "progress": 1,
    "date": "2000-12-31T06:00:00:00-0600",
    "canShare": "true",
    "downloadModel": "DownloadableShareable",
    "new": 1,
    "received": "2015-03-27T10:43:14:00-0500",
    "name": "Cell_Therapy_Info_BookV1_FINAL"
  },
  "18aa7e1c119f4a7ebe701418b07230bfproduct169229": {
    "id": "18aa7e1c119f4a7ebe701418b07230bfproduct169229",
    "description": " ",
    "canDownload": "true",
    "url": "mfly:\/\/control\/folder\/18aa7e1c119f4a7ebe701418b07230bfproduct169229",
    "thumbnailUrl": "mfly:\/\/data\/image\/18aa7e1c119f4a7ebe701418b07230bfproduct169229",
    "type": "folder",
    "canShare": "true",
    "new": 2,
    "keywords": [
      "@ScientificExperience"
    ],
    "items": [
      "18aa7e1c119f4a7ebe701418b07230bfproduct169340",
      "18aa7e1c119f4a7ebe701418b07230bfproduct169339"
    ],
    "autoStart": false,
    "name": "Clinical Trial Updates"
  },
  "__root__": {
    "name": "Cord Blood Registry SalesKit",
    "url": "mfly:\/\/control\/folder\/__root__",
    "new": 124,
    "thumbnailUrl": null,
    "id": "__root__",
    "type": "folder",
    "autoStart": true,
    "items": [
      "18aa7e1c119f4a7ebe701418b07230bfproduct169750",
      "18aa7e1c119f4a7ebe701418b07230bfproduct169220",
      "18aa7e1c119f4a7ebe701418b07230bfproduct169221",
      "18aa7e1c119f4a7ebe701418b07230bfproduct169219",
      "18aa7e1c119f4a7ebe701418b07230bfproduct169217"
    ]
  },
  "18aa7e1c119f4a7ebe701418b07230bfproduct169296": {
    "id": "18aa7e1c119f4a7ebe701418b07230bfproduct169296",
    "pages": 0,
    "canDownload": "true",
    "url": "mfly:\/\/control\/item\/18aa7e1c119f4a7ebe701418b07230bfproduct169296",
    "thumbnailUrl": "mfly:\/\/data\/image\/18aa7e1c119f4a7ebe701418b07230bfproduct169296",
    "launched": false,
    "type": "pdf",
    "progress": 1,
    "date": "2000-12-31T06:00:00:00-0600",
    "canShare": "true",
    "downloadModel": "DownloadableShareable",
    "new": 1,
    "received": "2015-03-27T10:42:26:00-0500",
    "name": "HPN_ProviderInstructions_General_2"
  },
  "18aa7e1c119f4a7ebe701418b07230bfproduct169340": {
    "id": "18aa7e1c119f4a7ebe701418b07230bfproduct169340",
    "pages": 0,
    "canDownload": "true",
    "url": "mfly:\/\/control\/item\/18aa7e1c119f4a7ebe701418b07230bfproduct169340",
    "thumbnailUrl": "mfly:\/\/data\/image\/18aa7e1c119f4a7ebe701418b07230bfproduct169340",
    "launched": false,
    "type": "pdf",
    "progress": 1,
    "date": "2000-12-31T06:00:00:00-0600",
    "canShare": "true",
    "downloadModel": "DownloadableShareable",
    "new": 1,
    "received": "2015-03-27T10:43:03:00-0500",
    "name": "Autism Poster Presentation Press Release_11_14_14 FINAL"
  },
  "18aa7e1c119f4a7ebe701418b07230bfproduct169697": {
    "id": "18aa7e1c119f4a7ebe701418b07230bfproduct169697",
    "canDownload": "true",
    "url": "mfly:\/\/control\/item\/18aa7e1c119f4a7ebe701418b07230bfproduct169697",
    "thumbnailUrl": "mfly:\/\/data\/image\/18aa7e1c119f4a7ebe701418b07230bfproduct169697",
    "launched": false,
    "type": "Video",
    "downloadModel": "DownloadableShareable",
    "date": "2000-12-31T06:00:00:00-0600",
    "progress": 1,
    "canShare": "true",
    "new": 1,
    "received": "2015-03-27T10:42:43:00-0500",
    "name": "30-Just Bank_080514"
  },
  "18aa7e1c119f4a7ebe701418b07230bfproduct169336": {
    "id": "18aa7e1c119f4a7ebe701418b07230bfproduct169336",
    "pages": 0,
    "canDownload": "true",
    "url": "mfly:\/\/control\/item\/18aa7e1c119f4a7ebe701418b07230bfproduct169336",
    "thumbnailUrl": "mfly:\/\/data\/image\/18aa7e1c119f4a7ebe701418b07230bfproduct169336",
    "launched": false,
    "type": "pdf",
    "progress": 1,
    "date": "2000-12-31T06:00:00:00-0600",
    "canShare": "true",
    "downloadModel": "DownloadableShareable",
    "new": 1,
    "received": "2015-03-27T10:42:54:00-0500",
    "name": "Updated On Site Enrollment Form-Consumer Events 3-10-15_ML"
  },
  "18aa7e1c119f4a7ebe701418b07230bfproduct169675": {
    "id": "18aa7e1c119f4a7ebe701418b07230bfproduct169675",
    "canDownload": "true",
    "url": "mfly:\/\/control\/item\/18aa7e1c119f4a7ebe701418b07230bfproduct169675",
    "thumbnailUrl": "mfly:\/\/data\/image\/18aa7e1c119f4a7ebe701418b07230bfproduct169675",
    "launched": false,
    "type": "Video",
    "downloadModel": "DownloadableShareable",
    "date": "2000-12-31T06:00:00:00-0600",
    "progress": 1,
    "canShare": "true",
    "new": 1,
    "received": "2015-03-27T10:42:45:00-0500",
    "name": "40Weeks Trailer"
  },
  "18aa7e1c119f4a7ebe701418b07230bfproduct169252": {
    "id": "18aa7e1c119f4a7ebe701418b07230bfproduct169252",
    "pages": 0,
    "canDownload": "true",
    "url": "mfly:\/\/control\/item\/18aa7e1c119f4a7ebe701418b07230bfproduct169252",
    "thumbnailUrl": "mfly:\/\/data\/image\/18aa7e1c119f4a7ebe701418b07230bfproduct169252",
    "launched": false,
    "type": "pdf",
    "progress": 1,
    "date": "2000-12-31T06:00:00:00-0600",
    "canShare": "true",
    "downloadModel": "DownloadableShareable",
    "new": 1,
    "received": "2015-03-27T10:42:49:00-0500",
    "name": "Group_B_Strep_Postcard_V1_F"
  },
  "18aa7e1c119f4a7ebe701418b07230bfproduct169248": {
    "id": "18aa7e1c119f4a7ebe701418b07230bfproduct169248",
    "description": " ",
    "canDownload": "true",
    "url": "mfly:\/\/control\/folder\/18aa7e1c119f4a7ebe701418b07230bfproduct169248",
    "thumbnailUrl": "mfly:\/\/data\/image\/18aa7e1c119f4a7ebe701418b07230bfproduct169248",
    "type": "folder",
    "canShare": "true",
    "new": 3,
    "keywords": [
      "@CBRPartnership"
    ],
    "items": [
      "18aa7e1c119f4a7ebe701418b07230bfproduct169303",
      "18aa7e1c119f4a7ebe701418b07230bfproduct169295",
      "18aa7e1c119f4a7ebe701418b07230bfproduct169294"
    ],
    "autoStart": false,
    "name": "Competitive Play Book"
  },
  "18aa7e1c119f4a7ebe701418b07230bfproduct169355": {
    "id": "18aa7e1c119f4a7ebe701418b07230bfproduct169355",
    "pages": 0,
    "canDownload": "true",
    "url": "mfly:\/\/control\/item\/18aa7e1c119f4a7ebe701418b07230bfproduct169355",
    "thumbnailUrl": "mfly:\/\/data\/image\/18aa7e1c119f4a7ebe701418b07230bfproduct169355",
    "launched": false,
    "type": "pdf",
    "progress": 1,
    "date": "2000-12-31T06:00:00:00-0600",
    "canShare": "true",
    "downloadModel": "DownloadableShareable",
    "new": 1,
    "received": "2015-03-27T10:43:17:00-0500",
    "name": "ISSCR_2013_Autologous_RM"
  },
  "18aa7e1c119f4a7ebe701418b07230bfproduct169289": {
    "id": "18aa7e1c119f4a7ebe701418b07230bfproduct169289",
    "pages": 0,
    "canDownload": "true",
    "url": "mfly:\/\/control\/item\/18aa7e1c119f4a7ebe701418b07230bfproduct169289",
    "thumbnailUrl": "mfly:\/\/data\/image\/18aa7e1c119f4a7ebe701418b07230bfproduct169289",
    "launched": false,
    "type": "pdf",
    "progress": 1,
    "date": "2000-12-31T06:00:00:00-0600",
    "canShare": "true",
    "downloadModel": "DownloadableShareable",
    "new": 1,
    "received": "2015-03-27T10:42:30:00-0500",
    "name": "Philadelphia Inquirer - Coaching Brief_Aug 6 2014_FINAL"
  },
  "18aa7e1c119f4a7ebe701418b07230bfproduct169333": {
    "id": "18aa7e1c119f4a7ebe701418b07230bfproduct169333",
    "pages": 0,
    "canDownload": "true",
    "url": "mfly:\/\/control\/item\/18aa7e1c119f4a7ebe701418b07230bfproduct169333",
    "thumbnailUrl": "mfly:\/\/data\/image\/18aa7e1c119f4a7ebe701418b07230bfproduct169333",
    "launched": false,
    "type": "pdf",
    "progress": 1,
    "date": "2000-12-31T06:00:00:00-0600",
    "canShare": "true",
    "downloadModel": "DownloadableShareable",
    "new": 1,
    "received": "2015-03-27T10:42:54:00-0500",
    "name": "Consumer Event  Presenter Agreement 2015_HCP$500"
  },
  "18aa7e1c119f4a7ebe701418b07230bfproduct169329": {
    "id": "18aa7e1c119f4a7ebe701418b07230bfproduct169329",
    "pages": 0,
    "canDownload": "true",
    "url": "mfly:\/\/control\/item\/18aa7e1c119f4a7ebe701418b07230bfproduct169329",
    "thumbnailUrl": "mfly:\/\/data\/image\/18aa7e1c119f4a7ebe701418b07230bfproduct169329",
    "launched": false,
    "type": "pdf",
    "progress": 1,
    "date": "2000-12-31T06:00:00:00-0600",
    "canShare": "true",
    "downloadModel": "DownloadableShareable",
    "new": 1,
    "received": "2015-03-27T10:42:54:00-0500",
    "name": "OB to Patient Events Process"
  },
  "18aa7e1c119f4a7ebe701418b07230bfproduct169293": {
    "id": "18aa7e1c119f4a7ebe701418b07230bfproduct169293",
    "pages": 0,
    "canDownload": "true",
    "url": "mfly:\/\/control\/item\/18aa7e1c119f4a7ebe701418b07230bfproduct169293",
    "thumbnailUrl": "mfly:\/\/data\/image\/18aa7e1c119f4a7ebe701418b07230bfproduct169293",
    "launched": false,
    "type": "pdf",
    "progress": 1,
    "date": "2000-12-31T06:00:00:00-0600",
    "canShare": "true",
    "downloadModel": "DownloadableShareable",
    "new": 1,
    "received": "2015-03-27T10:42:30:00-0500",
    "name": "Practice Education Letters and Forms - Coaching Brief - FINAL"
  },
  "18aa7e1c119f4a7ebe701418b07230bfproduct169267": {
    "id": "18aa7e1c119f4a7ebe701418b07230bfproduct169267",
    "pages": 0,
    "canDownload": "true",
    "url": "mfly:\/\/control\/item\/18aa7e1c119f4a7ebe701418b07230bfproduct169267",
    "thumbnailUrl": "mfly:\/\/data\/image\/18aa7e1c119f4a7ebe701418b07230bfproduct169267",
    "launched": false,
    "type": "pdf",
    "progress": 1,
    "date": "2000-12-31T06:00:00:00-0600",
    "canShare": "true",
    "downloadModel": "DownloadableShareable",
    "new": 1,
    "received": "2015-03-27T10:42:49:00-0500",
    "name": "Glucose_Brochure_V6_F"
  },
  "18aa7e1c119f4a7ebe701418b07230bfproduct169311": {
    "id": "18aa7e1c119f4a7ebe701418b07230bfproduct169311",
    "pages": 0,
    "canDownload": "true",
    "url": "mfly:\/\/control\/item\/18aa7e1c119f4a7ebe701418b07230bfproduct169311",
    "thumbnailUrl": "mfly:\/\/data\/image\/18aa7e1c119f4a7ebe701418b07230bfproduct169311",
    "launched": false,
    "type": "pdf",
    "progress": 1,
    "date": "2000-12-31T06:00:00:00-0600",
    "canShare": "true",
    "downloadModel": "DownloadableShareable",
    "new": 1,
    "received": "2015-03-27T10:42:46:00-0500",
    "name": "MOU NPP_HCP Update_05122014"
  },
  "18aa7e1c119f4a7ebe701418b07230bfproduct169307": {
    "id": "18aa7e1c119f4a7ebe701418b07230bfproduct169307",
    "pages": 0,
    "canDownload": "true",
    "url": "mfly:\/\/control\/item\/18aa7e1c119f4a7ebe701418b07230bfproduct169307",
    "thumbnailUrl": "mfly:\/\/data\/image\/18aa7e1c119f4a7ebe701418b07230bfproduct169307",
    "launched": false,
    "type": "pdf",
    "progress": 1,
    "date": "2000-12-31T06:00:00:00-0600",
    "canShare": "true",
    "downloadModel": "DownloadableShareable",
    "new": 1,
    "received": "2015-03-27T10:42:35:00-0500",
    "name": "LGP_Patient_LetterV7_English_REVISED"
  },
  "18aa7e1c119f4a7ebe701418b07230bfproduct169271": {
    "id": "18aa7e1c119f4a7ebe701418b07230bfproduct169271",
    "pages": 0,
    "canDownload": "true",
    "url": "mfly:\/\/control\/item\/18aa7e1c119f4a7ebe701418b07230bfproduct169271",
    "thumbnailUrl": "mfly:\/\/data\/image\/18aa7e1c119f4a7ebe701418b07230bfproduct169271",
    "launched": false,
    "type": "pdf",
    "progress": 1,
    "date": "2000-12-31T06:00:00:00-0600",
    "canShare": "true",
    "downloadModel": "DownloadableShareable",
    "new": 1,
    "received": "2015-03-27T10:42:49:00-0500",
    "name": "NPP_DTP_Handout_V9_F"
  },
  "18aa7e1c119f4a7ebe701418b07230bfproduct169245": {
    "id": "18aa7e1c119f4a7ebe701418b07230bfproduct169245",
    "description": " ",
    "canDownload": "true",
    "url": "mfly:\/\/control\/folder\/18aa7e1c119f4a7ebe701418b07230bfproduct169245",
    "thumbnailUrl": "mfly:\/\/data\/image\/18aa7e1c119f4a7ebe701418b07230bfproduct169245",
    "type": "folder",
    "canShare": "true",
    "new": 3,
    "keywords": [
      "@CBRPartnership"
    ],
    "items": [
      "18aa7e1c119f4a7ebe701418b07230bfproduct169311",
      "18aa7e1c119f4a7ebe701418b07230bfproduct169310",
      "18aa7e1c119f4a7ebe701418b07230bfproduct169309"
    ],
    "autoStart": false,
    "name": "Memorandum of Understanding (MOU) Resources"
  },
  "18aa7e1c119f4a7ebe701418b07230bfproduct169352": {
    "id": "18aa7e1c119f4a7ebe701418b07230bfproduct169352",
    "pages": 0,
    "canDownload": "true",
    "url": "mfly:\/\/control\/item\/18aa7e1c119f4a7ebe701418b07230bfproduct169352",
    "thumbnailUrl": "mfly:\/\/data\/image\/18aa7e1c119f4a7ebe701418b07230bfproduct169352",
    "launched": false,
    "type": "pdf",
    "progress": 1,
    "date": "2000-12-31T06:00:00:00-0600",
    "canShare": "true",
    "downloadModel": "DownloadableShareable",
    "new": 1,
    "received": "2015-03-27T10:43:17:00-0500",
    "name": "Pediatrics 2006 Wu"
  },
  "18aa7e1c119f4a7ebe701418b07230bfproduct169223": {
    "id": "18aa7e1c119f4a7ebe701418b07230bfproduct169223",
    "description": " ",
    "canDownload": "true",
    "url": "mfly:\/\/control\/folder\/18aa7e1c119f4a7ebe701418b07230bfproduct169223",
    "thumbnailUrl": "mfly:\/\/data\/image\/18aa7e1c119f4a7ebe701418b07230bfproduct169223",
    "type": "folder",
    "canShare": "true",
    "new": 12,
    "keywords": [
      "@PatientCounseling"
    ],
    "items": [
      "18aa7e1c119f4a7ebe701418b07230bfproduct169338",
      "18aa7e1c119f4a7ebe701418b07230bfproduct169337",
      "18aa7e1c119f4a7ebe701418b07230bfproduct169336",
      "18aa7e1c119f4a7ebe701418b07230bfproduct169335",
      "18aa7e1c119f4a7ebe701418b07230bfproduct169334",
      "18aa7e1c119f4a7ebe701418b07230bfproduct169333",
      "18aa7e1c119f4a7ebe701418b07230bfproduct169332",
      "18aa7e1c119f4a7ebe701418b07230bfproduct169331",
      "18aa7e1c119f4a7ebe701418b07230bfproduct169330",
      "18aa7e1c119f4a7ebe701418b07230bfproduct169329",
      "18aa7e1c119f4a7ebe701418b07230bfproduct169328",
      "18aa7e1c119f4a7ebe701418b07230bfproduct169327"
    ],
    "autoStart": false,
    "name": "Healthcare Provider to Patient Program"
  },
  "18aa7e1c119f4a7ebe701418b07230bfproduct169219": {
    "id": "18aa7e1c119f4a7ebe701418b07230bfproduct169219",
    "description": " ",
    "canDownload": "true",
    "url": "mfly:\/\/control\/folder\/18aa7e1c119f4a7ebe701418b07230bfproduct169219",
    "thumbnailUrl": "mfly:\/\/data\/image\/18aa7e1c119f4a7ebe701418b07230bfproduct169219",
    "type": "folder",
    "canShare": "true",
    "new": 11,
    "keywords": [
      "@mainNavigation"
    ],
    "items": [
      "18aa7e1c119f4a7ebe701418b07230bfproduct169238",
      "18aa7e1c119f4a7ebe701418b07230bfproduct169236"
    ],
    "autoStart": false,
    "name": "Clinical Resources"
  },
  "18aa7e1c119f4a7ebe701418b07230bfproduct169348": {
    "id": "18aa7e1c119f4a7ebe701418b07230bfproduct169348",
    "pages": 0,
    "canDownload": "true",
    "url": "mfly:\/\/control\/item\/18aa7e1c119f4a7ebe701418b07230bfproduct169348",
    "thumbnailUrl": "mfly:\/\/data\/image\/18aa7e1c119f4a7ebe701418b07230bfproduct169348",
    "launched": false,
    "type": "pdf",
    "progress": 1,
    "date": "2000-12-31T06:00:00:00-0600",
    "canShare": "true",
    "downloadModel": "DownloadableShareable",
    "new": 1,
    "received": "2015-03-27T10:43:17:00-0500",
    "name": "MSC_Backgrounder_011310"
  },
  "18aa7e1c119f4a7ebe701418b07230bfproduct169290": {
    "id": "18aa7e1c119f4a7ebe701418b07230bfproduct169290",
    "pages": 0,
    "canDownload": "true",
    "url": "mfly:\/\/control\/item\/18aa7e1c119f4a7ebe701418b07230bfproduct169290",
    "thumbnailUrl": "mfly:\/\/data\/image\/18aa7e1c119f4a7ebe701418b07230bfproduct169290",
    "launched": false,
    "type": "pdf",
    "progress": 1,
    "date": "2000-12-31T06:00:00:00-0600",
    "canShare": "true",
    "downloadModel": "DownloadableShareable",
    "new": 1,
    "received": "2015-03-27T10:42:30:00-0500",
    "name": "UTHealth Cerebral Palsy Clinical Trial Announcement - Coaching Brief - FINAL"
  },
  "18aa7e1c119f4a7ebe701418b07230bfproduct169286": {
    "id": "18aa7e1c119f4a7ebe701418b07230bfproduct169286",
    "pages": 0,
    "canDownload": "true",
    "url": "mfly:\/\/control\/item\/18aa7e1c119f4a7ebe701418b07230bfproduct169286",
    "thumbnailUrl": "mfly:\/\/data\/image\/18aa7e1c119f4a7ebe701418b07230bfproduct169286",
    "launched": false,
    "type": "pdf",
    "progress": 1,
    "date": "2000-12-31T06:00:00:00-0600",
    "canShare": "true",
    "downloadModel": "DownloadableShareable",
    "new": 1,
    "received": "2015-03-27T10:42:30:00-0500",
    "name": "EDPP Punch Card Launch - Coaching Brief_FINAL"
  },
  "18aa7e1c119f4a7ebe701418b07230bfproduct169330": {
    "id": "18aa7e1c119f4a7ebe701418b07230bfproduct169330",
    "pages": 0,
    "canDownload": "true",
    "url": "mfly:\/\/control\/item\/18aa7e1c119f4a7ebe701418b07230bfproduct169330",
    "thumbnailUrl": "mfly:\/\/data\/image\/18aa7e1c119f4a7ebe701418b07230bfproduct169330",
    "launched": false,
    "type": "pdf",
    "progress": 1,
    "date": "2000-12-31T06:00:00:00-0600",
    "canShare": "true",
    "downloadModel": "DownloadableShareable",
    "new": 1,
    "received": "2015-03-27T10:42:54:00-0500",
    "name": "Lead Sheets Updated"
  },
  "18aa7e1c119f4a7ebe701418b07230bfproduct169326": {
    "id": "18aa7e1c119f4a7ebe701418b07230bfproduct169326",
    "pages": 0,
    "canDownload": "true",
    "url": "mfly:\/\/control\/item\/18aa7e1c119f4a7ebe701418b07230bfproduct169326",
    "thumbnailUrl": "mfly:\/\/data\/image\/18aa7e1c119f4a7ebe701418b07230bfproduct169326",
    "launched": false,
    "type": "pdf",
    "progress": 1,
    "date": "2000-12-31T06:00:00:00-0600",
    "canShare": "true",
    "downloadModel": "DownloadableShareable",
    "new": 1,
    "received": "2015-03-27T10:43:19:00-0500",
    "name": "NPP Overview Deck for NorthEast_Sept 2014_FINAL"
  },
  "18aa7e1c119f4a7ebe701418b07230bfproduct169264": {
    "id": "18aa7e1c119f4a7ebe701418b07230bfproduct169264",
    "pages": 0,
    "canDownload": "true",
    "url": "mfly:\/\/control\/item\/18aa7e1c119f4a7ebe701418b07230bfproduct169264",
    "thumbnailUrl": "mfly:\/\/data\/image\/18aa7e1c119f4a7ebe701418b07230bfproduct169264",
    "launched": false,
    "type": "pdf",
    "progress": 1,
    "date": "2000-12-31T06:00:00:00-0600",
    "canShare": "true",
    "downloadModel": "DownloadableShareable",
    "new": 1,
    "received": "2015-03-27T10:42:49:00-0500",
    "name": "Cell_Therapy_Info_Book_V1_F"
  },
  "18aa7e1c119f4a7ebe701418b07230bfproduct169304": {
    "id": "18aa7e1c119f4a7ebe701418b07230bfproduct169304",
    "pages": 0,
    "canDownload": "true",
    "url": "mfly:\/\/control\/item\/18aa7e1c119f4a7ebe701418b07230bfproduct169304",
    "thumbnailUrl": "mfly:\/\/data\/image\/18aa7e1c119f4a7ebe701418b07230bfproduct169304",
    "launched": false,
    "type": "pdf",
    "progress": 1,
    "date": "2000-12-31T06:00:00:00-0600",
    "canShare": "true",
    "downloadModel": "DownloadableShareable",
    "new": 1,
    "received": "2015-03-27T10:42:35:00-0500",
    "name": "LGP_Patient_LetterV0_Chinese"
  },
  "18aa7e1c119f4a7ebe701418b07230bfproduct169705": {
    "id": "18aa7e1c119f4a7ebe701418b07230bfproduct169705",
    "canDownload": "true",
    "url": "mfly:\/\/control\/item\/18aa7e1c119f4a7ebe701418b07230bfproduct169705",
    "thumbnailUrl": "mfly:\/\/data\/image\/18aa7e1c119f4a7ebe701418b07230bfproduct169705",
    "launched": false,
    "type": "Video",
    "downloadModel": "DownloadableShareable",
    "date": "2000-12-31T06:00:00:00-0600",
    "progress": 1,
    "canShare": "true",
    "new": 1,
    "received": "2015-03-27T10:42:38:00-0500",
    "name": "CBR_OB_120_v3.4"
  },
  "18aa7e1c119f4a7ebe701418b07230bfproduct169242": {
    "id": "18aa7e1c119f4a7ebe701418b07230bfproduct169242",
    "description": " ",
    "canDownload": "true",
    "url": "mfly:\/\/control\/folder\/18aa7e1c119f4a7ebe701418b07230bfproduct169242",
    "thumbnailUrl": "mfly:\/\/data\/image\/18aa7e1c119f4a7ebe701418b07230bfproduct169242",
    "type": "folder",
    "canShare": "true",
    "new": 5,
    "keywords": [
      "@CBRPartnership"
    ],
    "items": [
      "18aa7e1c119f4a7ebe701418b07230bfproduct169300",
      "18aa7e1c119f4a7ebe701418b07230bfproduct169299",
      "18aa7e1c119f4a7ebe701418b07230bfproduct169298",
      "18aa7e1c119f4a7ebe701418b07230bfproduct169297",
      "18aa7e1c119f4a7ebe701418b07230bfproduct169296"
    ],
    "autoStart": false,
    "name": "Healthcare Provider Network"
  },
  "18aa7e1c119f4a7ebe701418b07230bfproduct169238": {
    "id": "18aa7e1c119f4a7ebe701418b07230bfproduct169238",
    "description": " ",
    "canDownload": "true",
    "url": "mfly:\/\/control\/folder\/18aa7e1c119f4a7ebe701418b07230bfproduct169238",
    "thumbnailUrl": "mfly:\/\/data\/image\/18aa7e1c119f4a7ebe701418b07230bfproduct169238",
    "type": "folder",
    "canShare": "true",
    "new": 6,
    "keywords": [
      "@ClinicalResources"
    ],
    "items": [
      "18aa7e1c119f4a7ebe701418b07230bfproduct169766",
      "18aa7e1c119f4a7ebe701418b07230bfproduct169321",
      "18aa7e1c119f4a7ebe701418b07230bfproduct169320",
      "18aa7e1c119f4a7ebe701418b07230bfproduct169319",
      "18aa7e1c119f4a7ebe701418b07230bfproduct169318",
      "18aa7e1c119f4a7ebe701418b07230bfproduct169317",
      "18aa7e1c119f4a7ebe701418b07230bfproduct169316"
    ],
    "autoStart": false,
    "name": "Healthcare Provider Educational Programs"
  },
  "18aa7e1c119f4a7ebe701418b07230bfproduct169345": {
    "id": "18aa7e1c119f4a7ebe701418b07230bfproduct169345",
    "pages": 0,
    "canDownload": "true",
    "url": "mfly:\/\/control\/item\/18aa7e1c119f4a7ebe701418b07230bfproduct169345",
    "thumbnailUrl": "mfly:\/\/data\/image\/18aa7e1c119f4a7ebe701418b07230bfproduct169345",
    "launched": false,
    "type": "pdf",
    "progress": 1,
    "date": "2000-12-31T06:00:00:00-0600",
    "canShare": "true",
    "downloadModel": "DownloadableShareable",
    "new": 1,
    "received": "2015-03-27T10:43:17:00-0500",
    "name": "2055_Curr Stem Cell Res Ther 2012 Batsali"
  },
  "18aa7e1c119f4a7ebe701418b07230bfproduct169220": {
    "id": "18aa7e1c119f4a7ebe701418b07230bfproduct169220",
    "description": " ",
    "canDownload": "true",
    "url": "mfly:\/\/control\/folder\/18aa7e1c119f4a7ebe701418b07230bfproduct169220",
    "thumbnailUrl": "mfly:\/\/data\/image\/18aa7e1c119f4a7ebe701418b07230bfproduct169220",
    "type": "folder",
    "canShare": "true",
    "new": 23,
    "keywords": [
      "@mainNavigation"
    ],
    "items": [
      "18aa7e1c119f4a7ebe701418b07230bfproduct169232",
      "18aa7e1c119f4a7ebe701418b07230bfproduct169231",
      "18aa7e1c119f4a7ebe701418b07230bfproduct169229"
    ],
    "autoStart": false,
    "name": "Scientific Experience"
  },
  "18aa7e1c119f4a7ebe701418b07230bfproduct169750": {
    "id": "18aa7e1c119f4a7ebe701418b07230bfproduct169750",
    "canDownload": "true",
    "url": "mfly:\/\/control\/item\/18aa7e1c119f4a7ebe701418b07230bfproduct169750",
    "thumbnailUrl": "mfly:\/\/data\/image\/18aa7e1c119f4a7ebe701418b07230bfproduct169750",
    "launched": true,
    "progress": 1,
    "orientationHint": "landscape",
    "date": "2000-12-31T06:00:00:00-0600",
    "type": "zip",
    "canShare": "true",
    "downloadModel": "DownloadableShareable",
    "received": "2015-03-27T11:03:02:00-0500",
    "name": "Landing Page"
  },
  "18aa7e1c119f4a7ebe701418b07230bfproduct169279": {
    "id": "18aa7e1c119f4a7ebe701418b07230bfproduct169279",
    "pages": 0,
    "canDownload": "true",
    "url": "mfly:\/\/control\/item\/18aa7e1c119f4a7ebe701418b07230bfproduct169279",
    "thumbnailUrl": "mfly:\/\/data\/image\/18aa7e1c119f4a7ebe701418b07230bfproduct169279",
    "launched": false,
    "type": "pdf",
    "progress": 1,
    "date": "2000-12-31T06:00:00:00-0600",
    "canShare": "true",
    "downloadModel": "DownloadableShareable",
    "new": 1,
    "received": "2015-03-27T10:42:30:00-0500",
    "name": "Coaching Brief - Best Practices for Last-Minute Collection 103114"
  },
  "18aa7e1c119f4a7ebe701418b07230bfproduct169319": {
    "id": "18aa7e1c119f4a7ebe701418b07230bfproduct169319",
    "pages": 0,
    "canDownload": "true",
    "url": "mfly:\/\/control\/item\/18aa7e1c119f4a7ebe701418b07230bfproduct169319",
    "thumbnailUrl": "mfly:\/\/data\/image\/18aa7e1c119f4a7ebe701418b07230bfproduct169319",
    "launched": false,
    "type": "pdf",
    "progress": 1,
    "date": "2000-12-31T06:00:00:00-0600",
    "canShare": "true",
    "downloadModel": "DownloadableShareable",
    "new": 1,
    "received": "2015-03-27T10:43:08:00-0500",
    "name": "CME Syllabus"
  },
  "18aa7e1c119f4a7ebe701418b07230bfproduct169283": {
    "id": "18aa7e1c119f4a7ebe701418b07230bfproduct169283",
    "pages": 0,
    "canDownload": "true",
    "url": "mfly:\/\/control\/item\/18aa7e1c119f4a7ebe701418b07230bfproduct169283",
    "thumbnailUrl": "mfly:\/\/data\/image\/18aa7e1c119f4a7ebe701418b07230bfproduct169283",
    "launched": false,
    "type": "pdf",
    "progress": 1,
    "date": "2000-12-31T06:00:00:00-0600",
    "canShare": "true",
    "downloadModel": "DownloadableShareable",
    "new": 1,
    "received": "2015-03-27T10:42:30:00-0500",
    "name": "Hearing Loss Article - Coaching Brief_June 26 2014"
  },
  "18aa7e1c119f4a7ebe701418b07230bfproduct169323": {
    "id": "18aa7e1c119f4a7ebe701418b07230bfproduct169323",
    "pages": 0,
    "canDownload": "true",
    "url": "mfly:\/\/control\/item\/18aa7e1c119f4a7ebe701418b07230bfproduct169323",
    "thumbnailUrl": "mfly:\/\/data\/image\/18aa7e1c119f4a7ebe701418b07230bfproduct169323",
    "launched": false,
    "type": "pdf",
    "progress": 1,
    "date": "2000-12-31T06:00:00:00-0600",
    "canShare": "true",
    "downloadModel": "DownloadableShareable",
    "new": 1,
    "received": "2015-03-27T10:43:19:00-0500",
    "name": "NRP_Modified_Protocol"
  },
  "18aa7e1c119f4a7ebe701418b07230bfproduct169257": {
    "id": "18aa7e1c119f4a7ebe701418b07230bfproduct169257",
    "pages": 0,
    "canDownload": "true",
    "url": "mfly:\/\/control\/item\/18aa7e1c119f4a7ebe701418b07230bfproduct169257",
    "thumbnailUrl": "mfly:\/\/data\/image\/18aa7e1c119f4a7ebe701418b07230bfproduct169257",
    "launched": false,
    "type": "pdf",
    "progress": 1,
    "date": "2000-12-31T06:00:00:00-0600",
    "canShare": "true",
    "downloadModel": "DownloadableShareable",
    "new": 1,
    "received": "2015-03-27T10:42:49:00-0500",
    "name": "Banking_Decision_Card_Chinese_V0_F"
  },
  "18aa7e1c119f4a7ebe701418b07230bfproduct169301": {
    "id": "18aa7e1c119f4a7ebe701418b07230bfproduct169301",
    "pages": 0,
    "canDownload": "true",
    "url": "mfly:\/\/control\/item\/18aa7e1c119f4a7ebe701418b07230bfproduct169301",
    "thumbnailUrl": "mfly:\/\/data\/image\/18aa7e1c119f4a7ebe701418b07230bfproduct169301",
    "launched": false,
    "type": "pdf",
    "progress": 1,
    "date": "2000-12-31T06:00:00:00-0600",
    "canShare": "true",
    "downloadModel": "DownloadableShareable",
    "new": 1,
    "received": "2015-03-27T10:42:58:00-0500",
    "name": "RM hospital tools"
  },
  "18aa7e1c119f4a7ebe701418b07230bfproduct169702": {
    "id": "18aa7e1c119f4a7ebe701418b07230bfproduct169702",
    "canDownload": "true",
    "url": "mfly:\/\/control\/item\/18aa7e1c119f4a7ebe701418b07230bfproduct169702",
    "thumbnailUrl": "mfly:\/\/data\/image\/18aa7e1c119f4a7ebe701418b07230bfproduct169702",
    "launched": false,
    "type": "Video",
    "downloadModel": "DownloadableShareable",
    "date": "2000-12-31T06:00:00:00-0600",
    "progress": 1,
    "canShare": "true",
    "new": 1,
    "received": "2015-03-27T10:42:38:00-0500",
    "name": "CBR_OB_15_v4"
  },
  "18aa7e1c119f4a7ebe701418b07230bfproduct169261": {
    "id": "18aa7e1c119f4a7ebe701418b07230bfproduct169261",
    "pages": 0,
    "canDownload": "true",
    "url": "mfly:\/\/control\/item\/18aa7e1c119f4a7ebe701418b07230bfproduct169261",
    "thumbnailUrl": "mfly:\/\/data\/image\/18aa7e1c119f4a7ebe701418b07230bfproduct169261",
    "launched": false,
    "type": "pdf",
    "progress": 1,
    "date": "2000-12-31T06:00:00:00-0600",
    "canShare": "true",
    "downloadModel": "DownloadableShareable",
    "new": 1,
    "received": "2015-03-27T10:42:49:00-0500",
    "name": "Cord_Tissue_Handout_V0_F"
  },
  "18aa7e1c119f4a7ebe701418b07230bfproduct169298": {
    "id": "18aa7e1c119f4a7ebe701418b07230bfproduct169298",
    "pages": 0,
    "canDownload": "true",
    "url": "mfly:\/\/control\/item\/18aa7e1c119f4a7ebe701418b07230bfproduct169298",
    "thumbnailUrl": "mfly:\/\/data\/image\/18aa7e1c119f4a7ebe701418b07230bfproduct169298",
    "launched": false,
    "type": "pdf",
    "progress": 1,
    "date": "2000-12-31T06:00:00:00-0600",
    "canShare": "true",
    "downloadModel": "DownloadableShareable",
    "new": 1,
    "received": "2015-03-27T10:42:26:00-0500",
    "name": "PWA_HPN Checklist"
  },
  "18aa7e1c119f4a7ebe701418b07230bfproduct169342": {
    "id": "18aa7e1c119f4a7ebe701418b07230bfproduct169342",
    "pages": 0,
    "canDownload": "true",
    "url": "mfly:\/\/control\/item\/18aa7e1c119f4a7ebe701418b07230bfproduct169342",
    "thumbnailUrl": "mfly:\/\/data\/image\/18aa7e1c119f4a7ebe701418b07230bfproduct169342",
    "launched": false,
    "type": "pdf",
    "progress": 1,
    "date": "2000-12-31T06:00:00:00-0600",
    "canShare": "true",
    "downloadModel": "DownloadableShareable",
    "new": 1,
    "received": "2015-03-27T10:43:17:00-0500",
    "name": "Blood 2008 Scaradavou (Abstract)"
  },
  "18aa7e1c119f4a7ebe701418b07230bfproduct169338": {
    "id": "18aa7e1c119f4a7ebe701418b07230bfproduct169338",
    "pages": 0,
    "canDownload": "true",
    "url": "mfly:\/\/control\/item\/18aa7e1c119f4a7ebe701418b07230bfproduct169338",
    "thumbnailUrl": "mfly:\/\/data\/image\/18aa7e1c119f4a7ebe701418b07230bfproduct169338",
    "launched": false,
    "type": "pdf",
    "progress": 1,
    "date": "2000-12-31T06:00:00:00-0600",
    "canShare": "true",
    "downloadModel": "DownloadableShareable",
    "new": 1,
    "received": "2015-03-27T10:42:54:00-0500",
    "name": "Consumer Deck Updated March 10 2015_ML"
  },
  "18aa7e1c119f4a7ebe701418b07230bfproduct169699": {
    "id": "18aa7e1c119f4a7ebe701418b07230bfproduct169699",
    "canDownload": "true",
    "url": "mfly:\/\/control\/item\/18aa7e1c119f4a7ebe701418b07230bfproduct169699",
    "thumbnailUrl": "mfly:\/\/data\/image\/18aa7e1c119f4a7ebe701418b07230bfproduct169699",
    "launched": true,
    "type": "Video",
    "downloadModel": "DownloadableShareable",
    "date": "2000-12-31T06:00:00:00-0600",
    "progress": 1,
    "canShare": "true",
    "received": "2015-03-27T10:42:43:00-0500",
    "name": "60-Why_Its_Important_080414"
  },
  "18aa7e1c119f4a7ebe701418b07230bfproduct169280": {
    "id": "18aa7e1c119f4a7ebe701418b07230bfproduct169280",
    "pages": 0,
    "canDownload": "true",
    "url": "mfly:\/\/control\/item\/18aa7e1c119f4a7ebe701418b07230bfproduct169280",
    "thumbnailUrl": "mfly:\/\/data\/image\/18aa7e1c119f4a7ebe701418b07230bfproduct169280",
    "launched": false,
    "type": "pdf",
    "progress": 1,
    "date": "2000-12-31T06:00:00:00-0600",
    "canShare": "true",
    "downloadModel": "DownloadableShareable",
    "new": 1,
    "received": "2015-03-27T10:42:30:00-0500",
    "name": "Coaching Brief - CariCord Accreditation_Sept 26 2014 Updated"
  },
  "18aa7e1c119f4a7ebe701418b07230bfproduct169276": {
    "id": "18aa7e1c119f4a7ebe701418b07230bfproduct169276",
    "pages": 0,
    "canDownload": "true",
    "url": "mfly:\/\/control\/item\/18aa7e1c119f4a7ebe701418b07230bfproduct169276",
    "thumbnailUrl": "mfly:\/\/data\/image\/18aa7e1c119f4a7ebe701418b07230bfproduct169276",
    "launched": false,
    "type": "pdf",
    "progress": 1,
    "date": "2000-12-31T06:00:00:00-0600",
    "canShare": "true",
    "downloadModel": "DownloadableShareable",
    "new": 1,
    "received": "2015-03-27T10:42:41:00-0500",
    "name": "Family Cord Blood Banking Act"
  },
  "18aa7e1c119f4a7ebe701418b07230bfproduct169320": {
    "id": "18aa7e1c119f4a7ebe701418b07230bfproduct169320",
    "pages": 0,
    "canDownload": "true",
    "url": "mfly:\/\/control\/item\/18aa7e1c119f4a7ebe701418b07230bfproduct169320",
    "thumbnailUrl": "mfly:\/\/data\/image\/18aa7e1c119f4a7ebe701418b07230bfproduct169320",
    "launched": false,
    "type": "pdf",
    "progress": 1,
    "date": "2000-12-31T06:00:00:00-0600",
    "canShare": "true",
    "downloadModel": "DownloadableShareable",
    "new": 1,
    "received": "2015-03-27T10:43:08:00-0500",
    "name": "Delayed Cord Clamping"
  },
  "18aa7e1c119f4a7ebe701418b07230bfproduct169316": {
    "id": "18aa7e1c119f4a7ebe701418b07230bfproduct169316",
    "pages": 0,
    "canDownload": "true",
    "url": "mfly:\/\/control\/item\/18aa7e1c119f4a7ebe701418b07230bfproduct169316",
    "thumbnailUrl": "mfly:\/\/data\/image\/18aa7e1c119f4a7ebe701418b07230bfproduct169316",
    "launched": false,
    "type": "pdf",
    "progress": 1,
    "date": "2000-12-31T06:00:00:00-0600",
    "canShare": "true",
    "downloadModel": "DownloadableShareable",
    "new": 1,
    "received": "2015-03-27T10:43:08:00-0500",
    "name": "The Lancet_Vain delayed cord clamping effect of gravity_July 2014"
  },
  "18aa7e1c119f4a7ebe701418b07230bfproduct169677": {
    "id": "18aa7e1c119f4a7ebe701418b07230bfproduct169677",
    "canDownload": "true",
    "url": "mfly:\/\/control\/item\/18aa7e1c119f4a7ebe701418b07230bfproduct169677",
    "thumbnailUrl": "mfly:\/\/data\/image\/18aa7e1c119f4a7ebe701418b07230bfproduct169677",
    "launched": false,
    "type": "Video",
    "downloadModel": "DownloadableShareable",
    "date": "2000-12-31T06:00:00:00-0600",
    "progress": 1,
    "canShare": "true",
    "new": 1,
    "received": "2015-03-27T10:42:45:00-0500",
    "name": "Glucose Test"
  },
  "18aa7e1c119f4a7ebe701418b07230bfproduct169254": {
    "id": "18aa7e1c119f4a7ebe701418b07230bfproduct169254",
    "pages": 0,
    "canDownload": "true",
    "url": "mfly:\/\/control\/item\/18aa7e1c119f4a7ebe701418b07230bfproduct169254",
    "thumbnailUrl": "mfly:\/\/data\/image\/18aa7e1c119f4a7ebe701418b07230bfproduct169254",
    "launched": false,
    "type": "pdf",
    "progress": 1,
    "date": "2000-12-31T06:00:00:00-0600",
    "canShare": "true",
    "downloadModel": "DownloadableShareable",
    "new": 1,
    "received": "2015-03-27T10:42:49:00-0500",
    "name": "Banking_Decision_Card_Spanish_V0_F"
  },
  "18aa7e1c119f4a7ebe701418b07230bfproduct169357": {
    "id": "18aa7e1c119f4a7ebe701418b07230bfproduct169357",
    "pages": 0,
    "canDownload": "true",
    "url": "mfly:\/\/control\/item\/18aa7e1c119f4a7ebe701418b07230bfproduct169357",
    "thumbnailUrl": "mfly:\/\/data\/image\/18aa7e1c119f4a7ebe701418b07230bfproduct169357",
    "launched": false,
    "type": "pdf",
    "progress": 1,
    "date": "2000-12-31T06:00:00:00-0600",
    "canShare": "true",
    "downloadModel": "DownloadableShareable",
    "new": 1,
    "received": "2015-03-27T10:43:14:00-0500",
    "name": "AABB_2013_Mass_Balance_Anticoagulant"
  },
  "18aa7e1c119f4a7ebe701418b07230bfproduct169232": {
    "id": "18aa7e1c119f4a7ebe701418b07230bfproduct169232",
    "description": " ",
    "canDownload": "true",
    "url": "mfly:\/\/control\/folder\/18aa7e1c119f4a7ebe701418b07230bfproduct169232",
    "thumbnailUrl": "mfly:\/\/data\/image\/18aa7e1c119f4a7ebe701418b07230bfproduct169232",
    "type": "folder",
    "canShare": "true",
    "new": 6,
    "keywords": [
      "@ScientificExperience"
    ],
    "items": [
      "18aa7e1c119f4a7ebe701418b07230bfproduct169757",
      "18aa7e1c119f4a7ebe701418b07230bfproduct169361",
      "18aa7e1c119f4a7ebe701418b07230bfproduct169360",
      "18aa7e1c119f4a7ebe701418b07230bfproduct169359",
      "18aa7e1c119f4a7ebe701418b07230bfproduct169358",
      "18aa7e1c119f4a7ebe701418b07230bfproduct169357",
      "18aa7e1c119f4a7ebe701418b07230bfproduct169356"
    ],
    "autoStart": false,
    "name": "Stem Cell Therapies & Processing Methods"
  },
  "18aa7e1c119f4a7ebe701418b07230bfproduct169228": {
    "id": "18aa7e1c119f4a7ebe701418b07230bfproduct169228",
    "description": " ",
    "canDownload": "true",
    "url": "mfly:\/\/control\/folder\/18aa7e1c119f4a7ebe701418b07230bfproduct169228",
    "thumbnailUrl": "mfly:\/\/data\/image\/18aa7e1c119f4a7ebe701418b07230bfproduct169228",
    "type": "folder",
    "canShare": "true",
    "new": 12,
    "keywords": [
      "@PatientCounseling"
    ],
    "items": [
      "18aa7e1c119f4a7ebe701418b07230bfproduct169707",
      "18aa7e1c119f4a7ebe701418b07230bfproduct169703",
      "18aa7e1c119f4a7ebe701418b07230bfproduct169701",
      "18aa7e1c119f4a7ebe701418b07230bfproduct169700",
      "18aa7e1c119f4a7ebe701418b07230bfproduct169699",
      "18aa7e1c119f4a7ebe701418b07230bfproduct169698",
      "18aa7e1c119f4a7ebe701418b07230bfproduct169697",
      "18aa7e1c119f4a7ebe701418b07230bfproduct169696",
      "18aa7e1c119f4a7ebe701418b07230bfproduct169674"
    ],
    "autoStart": false,
    "name": "Videos"
  },
  "18aa7e1c119f4a7ebe701418b07230bfproduct169361": {
    "id": "18aa7e1c119f4a7ebe701418b07230bfproduct169361",
    "pages": 0,
    "canDownload": "true",
    "url": "mfly:\/\/control\/item\/18aa7e1c119f4a7ebe701418b07230bfproduct169361",
    "thumbnailUrl": "mfly:\/\/data\/image\/18aa7e1c119f4a7ebe701418b07230bfproduct169361",
    "launched": false,
    "type": "pdf",
    "progress": 1,
    "date": "2000-12-31T06:00:00:00-0600",
    "canShare": "true",
    "downloadModel": "DownloadableShareable",
    "new": 1,
    "received": "2015-03-27T10:43:14:00-0500",
    "name": "CellTherapy_Experience"
  },
  "18aa7e1c119f4a7ebe701418b07230bfproduct169758": {
    "id": "18aa7e1c119f4a7ebe701418b07230bfproduct169758",
    "canDownload": "true",
    "url": "mfly:\/\/control\/item\/18aa7e1c119f4a7ebe701418b07230bfproduct169758",
    "thumbnailUrl": "mfly:\/\/data\/image\/18aa7e1c119f4a7ebe701418b07230bfproduct169758",
    "launched": true,
    "type": "image",
    "downloadModel": "DownloadableShareable",
    "date": "2000-12-31T06:00:00:00-0600",
    "progress": 1,
    "canShare": "true",
    "received": "2015-03-27T11:23:10:00-0500",
    "name": "goldenpuppies3.jpg"
  },
  "18aa7e1c119f4a7ebe701418b07230bfproduct169335": {
    "id": "18aa7e1c119f4a7ebe701418b07230bfproduct169335",
    "pages": 0,
    "canDownload": "true",
    "url": "mfly:\/\/control\/item\/18aa7e1c119f4a7ebe701418b07230bfproduct169335",
    "thumbnailUrl": "mfly:\/\/data\/image\/18aa7e1c119f4a7ebe701418b07230bfproduct169335",
    "launched": false,
    "type": "pdf",
    "progress": 1,
    "date": "2000-12-31T06:00:00:00-0600",
    "canShare": "true",
    "downloadModel": "DownloadableShareable",
    "new": 1,
    "received": "2015-03-27T10:42:54:00-0500",
    "name": "Raffle Card"
  },
  "18aa7e1c119f4a7ebe701418b07230bfproduct169295": {
    "id": "18aa7e1c119f4a7ebe701418b07230bfproduct169295",
    "canDownload": "true",
    "url": "mfly:\/\/control\/item\/18aa7e1c119f4a7ebe701418b07230bfproduct169295",
    "thumbnailUrl": "mfly:\/\/data\/image\/18aa7e1c119f4a7ebe701418b07230bfproduct169295",
    "launched": false,
    "type": "xls",
    "downloadModel": "DownloadableShareable",
    "date": "2000-12-31T06:00:00:00-0600",
    "progress": 1,
    "canShare": "true",
    "new": 1,
    "received": "2015-03-27T10:42:36:00-0500",
    "name": "Competitive Pricing Matrix 12.03.14 v1"
  }
}